path,class_name,split,scene_group,width,height,md5,dhash
data/raw/extracted/BrownRust1018.png,brown_rust,train,0,567,756,5f4042b7cd0231f8d1aefe8a0174d626,cccc795873f28e9c
data/raw/extracted/BrownRust1055.png,brown_rust,val,1,567,756,3c181bbb215a410465db36645f483c6a,e3e62db2b52b4a98
data/raw/extracted/BrownRust107.png,brown_rust,val,2,567,756,e8e78d7e99f777656d5acb4022da1539,6d2aa7653120cd66
data/raw/extracted/BrownRust1080.png,brown_rust,train,3,567,756,bac787bb77b9f4ac1b8aba0eb7cab6ac,1493963476320c3c
data/raw/extracted/BrownRust1119.png,brown_rust,train,4,709,1260,04e49fb81bc6df032294edadd985eca3,2645c0d19c216f96
data/raw/extracted/BrownRust1138.png,brown_rust,train,5,567,1008,8e2c6e7bf10a2c70085c4173d80d1314,a4d8d863eddb9aab
data/raw/extracted/BrownRust1147.png,brown_rust,test,6,567,1008,411d824bcc191c557c458c050807344b,4a6e0dcb781f9b33
data/raw/extracted/BrownRust1166.png,brown_rust,train,7,567,1008,53541d9edd05926efa5e356de9b902d1,dad8c94924151506
data/raw/extracted/BrownRust1206.png,brown_rust,train,8,567,1008,b2973b6ab48eff156777b5e8bd5852b6,ea08181214145af8
data/raw/extracted/BrownRust1215.png,brown_rust,train,9,567,1008,b38a8756275d62ff6717a7b72c52e0b2,193119d4e543c4fd
data/raw/extracted/BrownRust1238.png,brown_rust,train,10,567,1008,d27429d8e8a611115d1f61d07fb91f2a,c8b893ce4c3491d5
data/raw/extracted/BrownRust1248.png,brown_rust,train,11,567,1008,52bcb17dd930533b23a3ff7878140e32,cc9009242d4f6e71
data/raw/extracted/BrownRust1261.png,brown_rust,train,12,567,1008,8f47b947329439f1c5fff1b85fb866b6,1c1a2d98382f3edd
data/raw/extracted/BrownRust1279.png,brown_rust,val,13,567,1008,913584f1367616b2165e1485c64d6c12,97292b3a17252616
data/raw/extracted/BrownRust1301.png,brown_rust,train,14,567,319,b174567b8bcf7f0b6d43b0afe4d7d122,c8aca783416128f9
data/raw/extracted/BrownRust1317.png,brown_rust,train,15,567,1008,0bb55f5c0579c286bdb81f484d488701,33b22ca7c6841006
data/raw/extracted/BrownRust1325.png,brown_rust,train,16,567,1008,0af6d7f356ee71dcff40239058120a9f,d9389848a8c8580e
data/raw/extracted/BrownRust1339.png,brown_rust,val,17,567,1008,55dcf0e1f4cdf04de8c0155e6ad973c8,b38655bbe2e58d83
data/raw/extracted/BrownRust1353.png,brown_rust,train,18,567,1008,236ea42f154b1a2f3f72629afcf5f032,9d5b3a5ded7dfffc
data/raw/extracted/BrownRust1364.png,brown_rust,train,19,709,1260,1ac36f97605767e631f0af0612b57996,2131303213cae978
data/raw/extracted/BrownRust1377.png,brown_rust,test,20,567,1008,f2e4e33f535bf03994b86737673852fb,32376323d37a3078
data/raw/extracted/BrownRust1393.png,brown_rust,train,21,567,756,e9881f889871c1e0df0ffda987084c94,327469c794b9a2ca
data/raw/extracted/BrownRust141.png,brown_rust,train,22,567,756,976f52870d184ca6a73b633e04f0dd41,dbdae1733725e7ef
data/raw/extracted/BrownRust1432.png,brown_rust,test,23,567,756,9aa0436ee576a11c6e24ad9a3101bc26,38794bb737b7bffc
data/raw/extracted/BrownRust145.png,brown_rust,train,24,567,756,c9218cd539409aaafe02c54dd192917c,b6b5cfe3f36a2fb2
data/raw/extracted/BrownRust1470.png,brown_rust,train,25,567,756,4783ffd958c4ab6ccc9a0f481e1e8487,568fb7c746662d3f
data/raw/extracted/BrownRust1480.png,brown_rust,train,26,567,756,15544281bc400b3d48c0d9cb47a54fa0,66c949d3f345c7bb
data/raw/extracted/BrownRust1506.png,brown_rust,train,27,567,756,1c26569200ebdb6a5987acc627187081,9939349653737393
data/raw/extracted/BrownRust1508.png,brown_rust,train,28,567,756,28e76d845a75395b3ef70c539358feb5,6f27a5a7e7e7e9c9
data/raw/extracted/BrownRust1522.png,brown_rust,test,29,567,756,6a3b55395946de58a94c9c7bfa907d8d,9232353b0a9a0b09
data/raw/extracted/BrownRust156.png,brown_rust,train,30,567,756,0ead6afbb7901265b0405950dc127d02,672731f173901bae
data/raw/extracted/BrownRust1572.png,brown_rust,train,31,567,756,0aa1e4d2f950c4bb603729733c7fba8c,4b5256e6c9494bcb
data/raw/extracted/BrownRust1599.png,brown_rust,test,32,567,756,364dd9413e426bd7d7a4522d40cbe7fc,1ccc0808243129ac
data/raw/extracted/BrownRust1614.png,brown_rust,train,33,567,756,f4c03cc1582ea43b02ab4eba9a730fe2,651b1632305496a6
data/raw/extracted/BrownRust1647.png,brown_rust,train,34,567,756,22703b75e896d67c41059606b091d103,353330d3d8147456
data/raw/extracted/BrownRust1655.png,brown_rust,train,35,567,756,fffc72f5dac5d40afce1329f23cf16b5,b6d233276e4ad79d
data/raw/extracted/BrownRust1663.png,brown_rust,train,36,567,756,60016b01ba66332796ecdbc82729f97c,edc94b66ec3117b3
data/raw/extracted/BrownRust1682.png,brown_rust,val,37,567,756,e44771d01fa519a5d352cb56cd799bca,c9636733e6c93c3a
data/raw/extracted/BrownRust1696.png,brown_rust,test,38,567,756,e4f43af9d0fb074c4a36bf60760cb109,e6c68969349b8b4d
data/raw/extracted/BrownRust1704.png,brown_rust,train,39,567,756,f777ea8d0e576a7776119fb87d33b339,edb1727250513524
data/raw/extracted/BrownRust1719.png,brown_rust,train,40,567,756,91955ce772df2d0a2f58dab5175e6e25,a7e54b8eda6589bd
data/raw/extracted/BrownRust173.png,brown_rust,train,41,567,756,3ba45373bf33fd8cb0e43f6fad2ddb04,db8e0c9c0e9b5845
data/raw/extracted/BrownRust174.png,brown_rust,train,42,567,756,93facfa3bc38f80a8305dfc21d75374e,64b73793c5b4da4a
data/raw/extracted/BrownRust1772.png,brown_rust,train,43,567,756,2f34d996ff090e14f4ad3d9a66f35dc7,4c191b3332362472
data/raw/extracted/BrownRust1795.png,brown_rust,train,44,567,756,649154ed000fed3710e4544b58d1e72e,645161633333735f
data/raw/extracted/BrownRust1812.png,brown_rust,train,45,567,756,39a23fa2f70dfbed273897fd6ce861c9,ce24353175363534
data/raw/extracted/BrownRust1814.png,brown_rust,train,46,567,756,669ba48ce9deb9914cfa0e60745db5d1,4e1c99d2e0309df1
data/raw/extracted/BrownRust1823.png,brown_rust,train,47,567,756,65d85539dd11a1412f0f473d80d0125e,c7d6c4c76687e667
data/raw/extracted/BrownRust1840.png,brown_rust,train,48,567,756,c05766f84dbc637dba94e5bc707a1c19,9ca8387333ec7baf
data/raw/extracted/BrownRust1856.png,brown_rust,train,49,567,756,a158dfd927d5cd4eff3edf4a1a00731b,71ca89c9333d5a03
data/raw/extracted/BrownRust1888.png,brown_rust,val,50,567,756,3ecee422ff2ec8bed3e23d8047907af8,b13133121ac9d0e8
data/raw/extracted/BrownRust1889.png,brown_rust,test,51,567,756,e3ca7da3d4c4ad22db4e700f3d5c4ca4,63363231950e2e52
data/raw/extracted/BrownRust1920.png,brown_rust,test,52,567,756,139ae9bc4066ec353308fd510d5f24c1,5547caeae7a5b170
data/raw/extracted/BrownRust1935.png,brown_rust,train,53,567,756,ffa31d317f1937d3e412799d84596008,564e2b7cc857fae9
data/raw/extracted/BrownRust1953.png,brown_rust,train,54,567,756,2c1e620d6c5fc04b1e3b974aaf81a807,2e0f1e91416c3e0e
data/raw/extracted/BrownRust1997.png,brown_rust,train,55,567,756,eafa8b20e79e378a8bb2ce210706cdbe,d52d6afa333768a9
data/raw/extracted/BrownRust2002.png,brown_rust,train,56,567,756,8f112e21af27acda63447744f77889ac,383034313930701b
data/raw/extracted/BrownRust2038.png,brown_rust,train,57,709,1260,d122c27dd116830e6eaef09e293d433e,192d2a71e74c8e1e
data/raw/extracted/BrownRust2062.png,brown_rust,val,58,567,1008,6faa30391ebeb9172d15fca3d4f0c1da,6b7666eca9f3c754
data/raw/extracted/BrownRust2075.png,brown_rust,val,59,709,1260,76c4ae77b41db6f516b545cdf086d68c,278548ad65320b0b
data/raw/extracted/BrownRust2092.png,brown_rust,train,60,567,1008,6a4f80345419ba01d673808f94a1682a,4d290aca458c88b0
data/raw/extracted/BrownRust2110.png,brown_rust,test,61,567,1008,2d76ec52726d8dab4daf5c9e7ba94beb,e366555319499c38
data/raw/extracted/BrownRust2130.png,brown_rust,train,62,709,1260,6d79e06c8550ebda31f41e652a02f270,662732e06c4d7b0c
data/raw/extracted/BrownRust2151.png,brown_rust,test,63,567,1008,75abd4c3c46d828b8b28f2272634e07d,c6fdf6c7b1f26ecc
data/raw/extracted/BrownRust2167.png,brown_rust,train,64,709,1260,36669f6b8028b72335c1b7b02c85fc71,a353598c26363632
data/raw/extracted/BrownRust2179.png,brown_rust,train,65,709,1260,f0905843b582a1c5d073d383c974261b,c5b736b6b2d83c3c
data/raw/extracted/BrownRust2213.png,brown_rust,train,66,567,1008,aeb4172472f7e63f498af1655565a1ba,f7f2d272340f47c3
data/raw/extracted/BrownRust2220.png,brown_rust,train,67,567,1008,e41d023b2d06725610948921d1fae6e3,5bd6c68c4c1d3933
data/raw/extracted/BrownRust2245.png,brown_rust,train,68,567,1008,69a89dadbae2ef17137eaffa4d138b5c,b30d6aa094240526
data/raw/extracted/BrownRust2288.png,brown_rust,train,69,567,1008,54ad1a9ebd4db8fdccecfb676681411e,a3e76f2aa42d8f8b
data/raw/extracted/BrownRust2301.png,brown_rust,train,70,709,1260,1f9f1fd1d917fc8c836fbbce283402a0,d062b6d9d3155966
data/raw/extracted/BrownRust2318.png,brown_rust,val,71,567,1008,3e05adbf16c1a48ce64c8f117888e2b9,875672ce78bc796e
data/raw/extracted/BrownRust2331.png,brown_rust,train,72,567,1008,c6c9df476e4be855e62f194cd57e0da9,db9296aa38dc5783
data/raw/extracted/BrownRust2357.png,brown_rust,train,73,567,1008,39662ebad971e4438a65d5b0817098c7,544c649b4f1c0c41
data/raw/extracted/BrownRust2361.png,brown_rust,val,74,567,1008,415e3275f59152ac015ded67cfadbf1e,581171c49607737f
data/raw/extracted/BrownRust2378.png,brown_rust,val,75,567,1008,7296021453af66a9241c7e9ecababcfa,371135798cc32529
data/raw/extracted/BrownRust2418.png,brown_rust,train,76,567,1008,b167c6b2a0c8ff88298055804e7a7a1f,a6a434184ce02546
data/raw/extracted/BrownRust2431.png,brown_rust,train,77,567,1008,e18a146eba06712a914f2b3227e28346,666e2c2450554603
data/raw/extracted/BrownRust2453.png,brown_rust,train,78,567,1008,e733296ea1522444c1a3e525cb19afa4,322160e2223499d9
data/raw/extracted/BrownRust2461.png,brown_rust,val,79,567,1008,1761928f974d6e7ccc5142c2f3e7d9ff,5e2e663a62678f8f
data/raw/extracted/BrownRust2485.png,brown_rust,train,80,567,1008,9e407073a9fba0517b7ded083337cdd0,b5ddc34b21333151
data/raw/extracted/BrownRust257.png,brown_rust,train,81,567,756,6e392579c92a7a31e63da5a4b5e5b8ca,9cda364e6e3953cb
data/raw/extracted/BrownRust288.png,brown_rust,train,82,567,756,21887b211249f9a6f3e8f322bbc6d5dc,9a93b717266e1329
data/raw/extracted/BrownRust298.png,brown_rust,train,83,567,756,04278474fe301169c06bf496757b81b1,b4adada6b5e82f3d
data/raw/extracted/BrownRust324.png,brown_rust,train,84,567,756,f19615a78beecc9c8278c6a9a53d457f,cc4c4cec74531b49
data/raw/extracted/BrownRust335.png,brown_rust,train,85,567,756,d395edc091ebe0277b4597c68c814496,353a2c29366c4e6d
data/raw/extracted/BrownRust348.png,brown_rust,test,86,567,756,db14b898ab5d03601d6eb7ef699c7071,acec0992763cb974
data/raw/extracted/BrownRust356.png,brown_rust,test,87,567,756,8012e978cf41411c265249960e8c2e91,d6d46d283836266c
data/raw/extracted/BrownRust360.png,brown_rust,val,88,567,756,e9f6fb8ca48d619f9ec69b231193661c,dc362927959ce436
data/raw/extracted/BrownRust398.png,brown_rust,train,89,567,756,805bc6d10367d43fc5abc2d0f4f0c780,90c90d19a3c3861d
data/raw/extracted/BrownRust407.png,brown_rust,test,90,567,756,12646bfa9499a77d1ba513d14223f780,b91cd6436b6f30b0
data/raw/extracted/BrownRust429.png,brown_rust,train,91,567,756,1d8f53a5c62e83968dccc5ba29edf6d2,9f67ce9eb43da98c
data/raw/extracted/BrownRust442.png,brown_rust,val,92,567,756,1b6c87cb0462c5a31b2b13016de9b70c,579ec933591c0609
data/raw/extracted/BrownRust476.png,brown_rust,test,93,567,756,134c999e00ea5dba3bf3acb70612c704,c404436734cc8692
data/raw/extracted/BrownRust501.png,brown_rust,train,94,567,756,766236b19bf6b1090c641117fd6442ec,d35beea43435181a
data/raw/extracted/BrownRust511.png,brown_rust,train,95,567,756,f4b4b8e47e255a631fba49d9fee0f014,adb6d9599f5d7e3b
data/raw/extracted/BrownRust523.png,brown_rust,train,96,567,756,e869a71a95408c3e9b7a0239ed2a387a,0b9a4c0c30b79c14
data/raw/extracted/BrownRust550.png,brown_rust,train,97,567,756,ee9f99ee5ab2a48aab37437ea2f0b5c3,c626b43c39323626
data/raw/extracted/BrownRust592.png,brown_rust,train,98,567,756,17fd648b12fe537df8f88a463c990178,f1189ce4325873a7
data/raw/extracted/BrownRust604.png,brown_rust,val,99,567,756,8cc7356cf57cf776f6aefc02650787ee,a3431d31373716ca
data/raw/extracted/BrownRust622.png,brown_rust,val,100,567,756,6d381c990621a9b92d67ab4449f6ca98,2df6733330120d4e
data/raw/extracted/BrownRust644.png,brown_rust,test,101,567,756,b952d351dc78f391cb3316b0c9f349a6,9bbab2a489095050
data/raw/extracted/BrownRust645.png,brown_rust,train,102,567,756,f6a42cb8189239ce05c24e9f37508964,dbdb5a9cb92a7667
data/raw/extracted/BrownRust660.png,brown_rust,train,103,567,756,9cc7506fd8f554388fa1ddea74580c10,b6c6e4b7166c6666
data/raw/extracted/BrownRust679.png,brown_rust,train,104,567,756,7f7098c5410eaf101fcba8c2a6c0f985,4fab8c1a11270e1b
data/raw/extracted/BrownRust693.png,brown_rust,train,105,567,756,1bacdadd22a14b5b2b46a85ad6b6088a,a1c3c76721b9963a
data/raw/extracted/BrownRust705.png,brown_rust,test,106,567,756,06dd9650fe493ddc505e44f308f4d708,850591a4c5c9ccc4
data/raw/extracted/BrownRust720.png,brown_rust,train,107,567,756,52c06aabe0e6922fbf38de4958e4c3f9,198d8d955930c833
data/raw/extracted/BrownRust741.png,brown_rust,train,108,567,756,e1378444281e1ed9d62cb3ff5ed40478,c3e62532121a0ce6
data/raw/extracted/BrownRust763.png,brown_rust,test,109,567,756,299a3202b12b12bf17ca6b702457c4fb,5cda939c7147133b
data/raw/extracted/BrownRust777.png,brown_rust,val,110,567,756,93ede627834ebd5a0ca0c58109a755d2,4ccccece663bc861
data/raw/extracted/BrownRust789.png,brown_rust,train,111,567,756,ce3b09af87dbee014b99fd81b2ce6525,3b096c6cba3666ea
data/raw/extracted/BrownRust793.png,brown_rust,train,112,567,756,448fbda154b07542bb68b0f7d81ce295,2d2dec3c34cdd7d6
data/raw/extracted/BrownRust815.png,brown_rust,train,113,567,756,0ebf61439e3e52403661e1bc650ef6a8,ad9ddc48a1353404
data/raw/extracted/BrownRust824.png,brown_rust,train,114,567,756,1073b166c4a6499b76c3bfb25a7b891e,ebd373f276a4c424
data/raw/extracted/BrownRust841.png,brown_rust,train,115,567,756,023c2e185968906b55435e81fb0e1899,4456d1caf09c2f72
data/raw/extracted/BrownRust859.png,brown_rust,train,116,567,756,2595bf33843e59fc6ea78f836b698af7,1b9b9696a63c68cc
data/raw/extracted/BrownRust862.png,brown_rust,test,117,567,756,aacaedab6e5d83c1a6a94a1c42340d18,c64c2d0fce491333
data/raw/extracted/BrownRust876.png,brown_rust,train,118,567,756,006d9be43c354cd4ed3be2951dcba433,2670b8a332a3db92
data/raw/extracted/BrownRust890.png,brown_rust,test,119,567,756,d7de42dd4ffa4db12bcc74fa4a356ff2,4d69e9f1d13b3a8a
data/raw/extracted/BrownRust91.png,brown_rust,train,120,567,756,9e9ed7a631d7a716cafbddd152d46467,4c2d8d6efa58393b
data/raw/extracted/BrownRust921.png,brown_rust,train,121,567,756,eb49fcf9aae5bba43e5d654d59f8808c,6cf14326e96924d5
data/raw/extracted/BrownRust932.png,brown_rust,train,122,567,756,2533c25d62ac5121034764e892693fa0,d971d59962c1c3cb
data/raw/extracted/BrownRust949.png,brown_rust,val,123,567,756,433fb2fa7055edd2ec5c9bf606ba5e0b,b65467e77797bbba
data/raw/extracted/BrownRust971.png,brown_rust,train,124,567,756,a3c2d889cc7224dd8eefff14dd28e0da,9be367232766c6b6
data/raw/extracted/BrownRust983.png,brown_rust,train,125,567,756,0a103dfdf171c868c6164311b754c9e3,b3b36aacab73f695
data/raw/extracted/BrownRust994.png,brown_rust,train,126,567,756,257a135f2bf57f3ff10ced91adc711e6,18a3a7279526ea9d
data/raw/extracted/BrownRust998.png,brown_rust,val,127,567,756,343c0e01d2561e45de6b5bae434967d4,5ccc86bc3b670484
data/raw/extracted/Healthy0.png,healthy,train,128,567,319,a261f845a0a8c1de0dbfad5f6b271339,779f6b6baeeeeee6
data/raw/extracted/Healthy1019.png,healthy,val,129,567,756,5c49666c38dde075049a7737102c79ad,79e8adcd4f6fac39
data/raw/extracted/Healthy1042.png,healthy,val,130,567,756,8c72f970bf875c10a209a0ad850b6081,9eda9235733e6859
data/raw/extracted/Healthy1065.png,healthy,test,131,567,756,5afe80a1580d4ac2a66abe23dc15628f,46c62c18b1859bc2
data/raw/extracted/Healthy1084.png,healthy,train,132,567,756,f5937b885a69e4fca6d2c216e5ff0d94,0d1d168cc0e70e30
data/raw/extracted/Healthy1110.png,healthy,train,133,567,756,004b4319a07ce54ea8c07b33249d0993,76259d490d16a652
data/raw/extracted/Healthy1112.png,healthy,train,134,567,756,8ff840100d59bef3af76e145f396b2ff,998987cc583c878f
data/raw/extracted/Healthy1171.png,healthy,train,135,567,756,9427a563895e09ebeb187bbb27b6db3c,085917c63237d3d9
data/raw/extracted/Healthy1177.png,healthy,train,136,567,756,812be2d408b53d464951e373f250e82e,eac60d29c68f6f13
data/raw/extracted/Healthy1201.png,healthy,train,137,567,756,6e1392c8c1959a3eada303d5b92171a7,6d6d38733373b369
data/raw/extracted/Healthy1226.png,healthy,train,138,567,756,264f70fdab1c69721679434ac7315e37,552b655932adcedd
data/raw/extracted/Healthy1237.png,healthy,train,139,567,756,5a2bc8da42bb92d61084a1e8d4cd8a97,333733333032a3ed
data/raw/extracted/Healthy124.png,healthy,train,140,567,756,ec18d275ef04abb7d2a1bac85303f268,47d6498c7a57666d
data/raw/extracted/Healthy1270.png,healthy,train,141,567,756,873b52a8e7749e498f67cc8a691f4c12,ab8511322620315a
data/raw/extracted/Healthy1280.png,healthy,train,142,567,756,466619b5ac82585cb29b173d4e3392e2,11e366454d892979
data/raw/extracted/Healthy1298.png,healthy,train,143,567,756,badde1b88578e4d6c08419f44df7b338,73b1bfc649494b0d
data/raw/extracted/Healthy13.png,healthy,train,144,567,319,1c461ba4a3f3bd79c9f66170d11d96e7,a7cef4b5f1f0d4d3
data/raw/extracted/Healthy1311.png,healthy,train,145,567,756,395f4e32a0a8e17bb09eae4df21173b3,8de46df93321f216
data/raw/extracted/Healthy1318.png,healthy,train,146,567,756,3c46e3a9d5dc9a1e138fa5f47936d5f3,33b77363f7f7f333
data/raw/extracted/Healthy1339.png,healthy,train,147,567,756,42ee940113878e218aa2b4911dc36e32,9e6c3d91c307064e
data/raw/extracted/Healthy134.png,healthy,test,148,567,756,0c635a2f3f8398bd72a471d3ed64a8ee,66ab1145c4539399
data/raw/extracted/Healthy1352.png,healthy,train,149,567,756,ee9f1fea4ba4d2526a2ccc6ccba22c43,3332b661ec79b35a
data/raw/extracted/Healthy1373.png,healthy,train,150,567,756,0449e0aa02f9f4fd6bc0e946830cf4e5,932dd958b1494c17
data/raw/extracted/Healthy1386.png,healthy,test,151,567,756,24ad8dfe876ce2bbddbdfab65c95f817,ef6b53d6341c1893
data/raw/extracted/Healthy1393.png,healthy,train,152,567,756,489794c9871e943fcbac38c156d70c24,7aa66513b36f4d45
data/raw/extracted/Healthy14.png,healthy,train,153,567,1008,fcd67d97ac8093f7af6b30f2ed1adf5a,e7eba4ddac97cd6c
data/raw/extracted/Healthy1410.png,healthy,train,154,567,756,68d85658d5c6e056e3fc473aaa8e7eae,66511909b1998f92
data/raw/extracted/Healthy1413.png,healthy,train,155,567,756,334b02edd68e7228a8c3ee8e2c6c44de,557352937778213c
data/raw/extracted/Healthy1414.png,healthy,train,156,567,756,91f0bded19c293fbd1a23a7bc3769e48,90928d0862337244
data/raw/extracted/Healthy1422.png,healthy,test,157,567,756,b37d7e59aa3e8d58137394cbbd81e13a,b3930a1d1c0e150c
data/raw/extracted/Healthy1435.png,healthy,train,158,567,756,5edbf2b22091af820f3da269c24866ea,0c381903c684840c
data/raw/extracted/Healthy1453.png,healthy,train,159,567,756,6d6cf201a7c114371e40732de7d613a1,62706168c567258d
data/raw/extracted/Healthy1475.png,healthy,test,160,567,756,3af4cd433d2f854ac9cdbbb66a02e6c5,2d3336363423eb13
data/raw/extracted/Healthy1481.png,healthy,train,161,567,756,2fe5bbd69f6433ef53486c8f9ffbc4f6,38880931a4ea2c6d
data/raw/extracted/Healthy1483.png,healthy,train,162,567,756,d360526a1c1386b8817d99eedcdc5526,a5a79696d2e4a627
data/raw/extracted/Healthy1507.png,healthy,train,163,567,756,e4cd3e8f6be8de68cf245224f819fd34,7232b36659593c38
data/raw/extracted/Healthy1526.png,healthy,train,164,567,756,588128ee0467e67ffab8b0bda39ba677,cbd74e29132c9b5b
data/raw/extracted/Healthy1534.png,healthy,val,165,567,756,8b506093ef9651be5e0247e932409ced,14a6f1b2121b2b25
data/raw/extracted/Healthy1564.png,healthy,val,166,567,756,e2ddab156a0cbcdbc11af8bad259a076,bb53476e3a1b9bdf
data/raw/extracted/Healthy1565.png,healthy,train,167,567,756,d31c283be9c6a166418706cac1187a5a,1a761d2b1f4b658c
data/raw/extracted/Healthy1570.png,healthy,train,168,567,756,f3569e93cca9fe24e9461d489c861bce,09894d642e8f9351
data/raw/extracted/Healthy159.png,healthy,val,169,567,756,25d35b5ac86763c499cffbd175eebc57,66444aeeabb29189
data/raw/extracted/Healthy1598.png,healthy,train,170,567,756,352a63f5a8848cff2309862e1e8e03d3,b1b3131b3c69ce8d
data/raw/extracted/Healthy1606.png,healthy,train,171,567,756,9ad4cc9043cbadc48cae8ac359bf9885,e6f63272334759a8
data/raw/extracted/Healthy1610.png,healthy,train,172,567,756,cf18e13b2c148f11cbc91035679dca9e,36b627d69f9ddb76
data/raw/extracted/Healthy1640.png,healthy,train,173,567,756,dfc50477d1ea2f6fe60f78b955c6fd34,67e5656d298bc6c6
data/raw/extracted/Healthy166.png,healthy,val,174,567,756,ab975b314a49d0b44af4c1876e05845a,465bb9b32169e969
data/raw/extracted/Healthy1688.png,healthy,train,175,567,756,7aa0c805784ee2cc8ac5a5eeeed12fcb,c4f04c9bf277b32b
data/raw/extracted/Healthy17.png,healthy,train,176,567,1008,9c351d5a675ddd9fd639af9aff6515ce,6c3afadb56460d3c
data/raw/extracted/Healthy1711.png,healthy,train,177,567,756,48fc6a65df68c59d47321de6d3de6098,92a6297113f7ae33
data/raw/extracted/Healthy1726.png,healthy,test,178,567,756,6a6226dfd36c81be536d1e46500868d6,24632481131b2924
data/raw/extracted/Healthy1738.png,healthy,test,179,567,756,28790db59cf3947ca154ea2f0652669f,495c4e4c5199d052
data/raw/extracted/Healthy1743.png,healthy,test,180,567,756,65c7fa528cf658266f06880a3df84be3,d9f8c285131e1786
data/raw/extracted/Healthy175.png,healthy,train,181,567,756,b34d69dc52906ac7ecf4b3e5d43858e2,1923b3b1f2e6b434
data/raw/extracted/Healthy1756.png,healthy,val,182,567,756,ad1aaa9b0fddd1732a50d5cf43b89ea6,2c2d9b898dd7d74d
data/raw/extracted/Healthy1784.png,healthy,train,183,567,756,62d5b32293a189effffcf9d071569b8f,4caeb6bdc9deb676
data/raw/extracted/Healthy1843.png,healthy,train,184,567,756,57b119534e964bc9fd77d2a512e6e0ca,cce867b531935818
data/raw/extracted/Healthy1850.png,healthy,train,185,567,756,a99df9743d845eb098cc6a6d18bf4a3b,21a52c535092adc5
data/raw/extracted/Healthy1878.png,healthy,test,186,567,756,7e815219c67a01a78657230d2a2731a9,e77b9295cdf33026
data/raw/extracted/Healthy1888.png,healthy,val,187,567,756,d10e9d0f129582877181613c1751fb59,9ad0d3b3a5695852
data/raw/extracted/Healthy1893.png,healthy,train,188,567,756,5750393f11229814c3e885c64145a4a4,da5a95f163961c35
data/raw/extracted/Healthy1913.png,healthy,train,189,567,756,ddec6f80e1290456e335c428168ae8e1,5c296b5becc66613
data/raw/extracted/Healthy1928.png,healthy,train,190,567,756,1b3b63a9d70c0bd217d299a7bc67d1a9,7ac99f364adbbf1c
data/raw/extracted/Healthy1961.png,healthy,test,191,567,756,71ecc617ee9de4e43d44462de178ad4e,199249090d199320
data/raw/extracted/Healthy2012.png,healthy,train,192,567,756,8d5da0fc189baf5935a147589eea901b,b4d4252400044611
data/raw/extracted/Healthy2030.png,healthy,train,193,567,756,020ae3ef4ced713374dd3179ee67290e,495b0e0c292f28a5
data/raw/extracted/Healthy2036.png,healthy,train,194,567,756,f64ea481002e83921d1aadc02870046b,3933336220030205
data/raw/extracted/Healthy2037.png,healthy,train,195,567,756,184392b0856a9209bbfbe56a91f3ae09,cccbc36826312d4b
data/raw/extracted/Healthy2065.png,healthy,train,196,567,756,489558698577792afd5574b0aa43b407,4944268b49347379
data/raw/extracted/Healthy2083.png,healthy,train,197,567,756,fd30d0e0083e8fc2baec481cf0690af0,165929ae795b66c1
data/raw/extracted/Healthy2137.png,healthy,train,198,567,756,437a21a7665b067c48ff583837ce3996,87c64e17329b0f35
data/raw/extracted/Healthy2146.png,healthy,val,199,567,756,f4b32d093922ca29904b5d5027429e18,39b3b2b4b127b131
data/raw/extracted/Healthy2150.png,healthy,train,200,567,756,72a55eb9d48e9723f0b8e21bddba8ecb,39636e684b2e8f9c
data/raw/extracted/Healthy2152.png,healthy,train,201,567,756,0d168ffdfa43f1a86b0395433ece07b8,5b1a929a1c0fae38
data/raw/extracted/Healthy2161.png,healthy,val,202,567,756,965d486824fe0016e2c3b9767d48a743,8f9c391b0983c740
data/raw/extracted/Healthy219.png,healthy,val,203,567,756,9850a0921addc8a219ba7e8903c63df9,73664239b2311aae
data/raw/extracted/Healthy2201.png,healthy,train,204,567,756,0c695a5b21a7676fa0c16efca8af5483,3c7ed8830324e3e5
data/raw/extracted/Healthy2208.png,healthy,train,205,567,756,68f00e5e61bba43f949ac484e1fb0263,363133349012150c
data/raw/extracted/Healthy2229.png,healthy,val,206,567,756,6190c9d53567494c658ab4a3b1e8deb5,0b0b4b4e04062682
data/raw/extracted/Healthy2251.png,healthy,test,207,567,756,e716d851ec369349da18794c8cebf1c9,1b689a919bf99c92
data/raw/extracted/Healthy2254.png,healthy,train,208,567,756,045ea7a0ce93c7460e37f220740146e7,4c0f0e15252ce846
data/raw/extracted/Healthy2262.png,healthy,train,209,567,756,543e0cc148c3b451d6d97c62f829c3e0,2117041607336f23
data/raw/extracted/Healthy2268.png,healthy,train,210,567,756,0c958ac9db4f809e1dac76714c2053fc,038f038709410442
data/raw/extracted/Healthy235.png,healthy,train,211,567,756,384a3b50b5bb3047e3f8a4496a93d355,5475b1b67b2d96a7
data/raw/extracted/Healthy246.png,healthy,train,212,567,756,079ca23adfccf7833a2ad86cc37c5ba4,cd92b4ac1a356432
data/raw/extracted/Healthy26.png,healthy,val,213,709,1260,de739b7082ba34b1b0c34979fc5ceb42,3bdede7471f2c251
data/raw/extracted/Healthy264.png,healthy,test,214,567,756,e41fdde1a62ac452f77754f4402b43e0,b39bc7d2acb77369
data/raw/extracted/Healthy279.png,healthy,test,215,567,756,34d5040da49dc7bb4a411c276d89991b,be5612d3c6334b4d
data/raw/extracted/Healthy296.png,healthy,val,216,567,756,5cbf4b149c7de52b3057c22582bbd5f4,686a5d4ec293972f
data/raw/extracted/Healthy34.png,healthy,train,217,567,756,df55cb19cadda8cef883f4cd024d5ffd,9494939332b2cc4b
data/raw/extracted/Healthy383.png,healthy,train,218,567,756,fbc89ce0b860af704ef151d5175d3f13,72d698aeb3e0693b
data/raw/extracted/Healthy4.png,healthy,train,219,567,319,ba27c80b7354d153226e2534d0917624,2a290d2239351911
data/raw/extracted/Healthy420.png,healthy,val,220,567,756,09a21dc80d35b71731fb34cea8e89788,71d2666636363454
data/raw/extracted/Healthy446.png,healthy,train,221,567,756,f027adabf44c7cfe8c0ddcaed0be9892,1616501113ac79da
data/raw/extracted/Healthy463.png,healthy,test,222,567,756,1c981826226336986eebc9db6043357e,c247a6cab3cbe623
data/raw/extracted/Healthy466.png,healthy,train,223,567,756,0d4b4a3e6c0d1bdc3f4c1dc5af3bfc46,1148220710248891
data/raw/extracted/Healthy469.png,healthy,train,224,567,756,13ba248ced571a6e6239f8596640dfb3,24090a1059991d0b
data/raw/extracted/Healthy492.png,healthy,train,225,567,756,7aba145e8efedde5c87f564436aded32,3729591c36b66232
data/raw/extracted/Healthy500.png,healthy,train,226,567,756,aa1111cbb97bc7ab0d26090504acac40,9795da5a69789696
data/raw/extracted/Healthy533.png,healthy,val,227,567,756,1d81f25ff08491a69834dd2d88267dc7,dbd7e6e9484a5a50
data/raw/extracted/Healthy538.png,healthy,train,228,567,756,b6c258bfb02fb0328639e72d57b86772,e3ecc4d177646848
data/raw/extracted/Healthy554.png,healthy,train,229,567,756,c749dbb468eb04c038dbcdfa0ae39000,cecc567625674557
data/raw/extracted/Healthy57.png,healthy,train,230,567,756,b305f00e2878a396eeb6c4c007903887,099891f169eed684
data/raw/extracted/Healthy576.png,healthy,train,231,567,756,47eb50d9f59540a191b4fb279a66427c,62242409d322b0b8
data/raw/extracted/Healthy61.png,healthy,test,232,567,756,69653f06fdd1cdd4fc46fc0b647c7311,cbcbd1d2cbcdcf4b
data/raw/extracted/Healthy613.png,healthy,train,233,567,756,3dcde484932e1800760eb35158324399,2c7444555d494746
data/raw/extracted/Healthy629.png,healthy,test,234,567,756,fb322213bddd44d76458e4c91514d680,7b9998d0319352f8
data/raw/extracted/Healthy642.png,healthy,train,235,567,756,5814b52ee2f9b1c6e638fedbd0a6adaf,d351595d475429c9
data/raw/extracted/Healthy657.png,healthy,train,236,567,756,072b781b1bbd208e6fde31c87cb81d51,b6949aca8aa8ca84
data/raw/extracted/Healthy692.png,healthy,train,237,567,756,6995648fa014e50f940377008dcecdfb,cd8c53666865d434
data/raw/extracted/Healthy709.png,healthy,train,238,567,756,222f6ee7da372b3d2897c0b59d2d41e2,666a0eec6666545b
data/raw/extracted/Healthy724.png,healthy,train,239,567,756,484784b45de69e64738c5653f17459a8,515353da716c6c56
data/raw/extracted/Healthy728.png,healthy,test,240,567,756,d9c40e6933e491ad3be22bb2645945fe,1b8bc2a4e86c3a1d
data/raw/extracted/Healthy742.png,healthy,train,241,567,756,bf127969b82c43864071c529e02e1933,c7c766e6e7e66634
data/raw/extracted/Healthy763.png,healthy,train,242,567,756,af1dcfc06f55f03658ba40ca3d0df64c,7473e1edaaeae3eb
data/raw/extracted/Healthy780.png,healthy,train,243,567,756,254d2ae1bde0ae9e4927639e8345699f,480426331c092108
data/raw/extracted/Healthy783.png,healthy,train,244,567,756,6b3df9cc6c0432540d53a64749ec20ca,425a9a1b65cdd959
data/raw/extracted/Healthy845.png,healthy,test,245,567,756,54c901c1659bcf2dd9830488f377eb22,513466246a6e4e66
data/raw/extracted/Healthy90.png,healthy,val,246,567,756,57edf800432f531c8ba352667dd0b205,24535a1e70f3619a
data/raw/extracted/Healthy914.png,healthy,train,247,567,756,cc8f060470313c419ea0f92089848e66,e5f56962a6616394
data/raw/extracted/Healthy936.png,healthy,train,248,567,756,a351ad69b08c225e66ab2ddc8c9bd088,3b99d5790d98d91b
data/raw/extracted/Healthy972.png,healthy,val,249,567,756,8cb24d5bf491b1257826efbdd4a59db4,2eaf75e465256d6d
data/raw/extracted/Mildew102.png,mildew,train,250,709,1261,0ea0e1d0ede1d787f032ef96cc67372a,ff7b430b8d068e08
data/raw/extracted/Mildew1022.png,mildew,train,251,709,945,52c4d8204ffcd6e2e4a4cbd7146b2de1,218c1b1aad38bc16
data/raw/extracted/Mildew1041.png,mildew,train,252,709,945,c6bc5f4e5c5a4ab75a3c29c667c21370,ab1963494cb81834
data/raw/extracted/Mildew1051.png,mildew,train,253,709,945,2a6796499bc885fa162e0af05ff0d3b0,23a7e6ed8927b95b
data/raw/extracted/Mildew1066.png,mildew,train,254,709,945,f9c221141f0d701e941ed77ecf8e091d,9893d978192e3c59
data/raw/extracted/Mildew1082.png,mildew,train,255,709,945,f5a531bb1771fca5161b3632d2a0b9e1,d66470b39351337c
data/raw/extracted/Mildew1099.png,mildew,train,256,709,945,ea47c9bfbf7588d12edc55ddcaea00cf,169c585248b19286
data/raw/extracted/Mildew1111.png,mildew,train,257,709,945,8d1b8fb5479bbb409ea8a7920dc7d61f,462e2a64b4662383
data/raw/extracted/Mildew1112.png,mildew,val,258,709,945,700c898411034a7517d1818d6113a98a,4943555a3433a1cd
data/raw/extracted/Mildew1116.png,mildew,train,259,709,945,39305d6215f4ddfcc768daf8eef2cec2,4481236c0317160c
data/raw/extracted/Mildew112.png,mildew,train,260,850,478,d25806ecc3cec254ab80f7eb1bd43355,341c9c585c941292
data/raw/extracted/Mildew1122.png,mildew,train,261,709,945,6c194385f33f0a74fe74c7749b42f46d,36a48d8d3e68ec28
data/raw/extracted/Mildew1133.png,mildew,train,262,709,945,7bcc4fb96f97ee3f3cb8b20f313c8764,676633b1a656ce8b
data/raw/extracted/Mildew1135.png,mildew,train,263,709,945,eb053d70dfe0f6bf2583bb20c3a30c8b,3db9d695b6926879
data/raw/extracted/Mildew1139.png,mildew,val,264,709,945,c0bcd422a7dd6a5516a1bd8a77ca48e0,7068d7eeb93173d2
data/raw/extracted/Mildew1143.png,mildew,train,265,709,945,9acc8292066eb2af8ec276f9314549fe,9c549a951536968d
data/raw/extracted/Mildew1144.png,mildew,train,266,709,945,e442055fb24a81d54ebbf58b3f3ee544,8cd8b326e4ce9cac
data/raw/extracted/Mildew1148.png,mildew,val,267,709,945,12ced823c3993064c1a8cef90fb96005,8b0b4382ced1c980
data/raw/extracted/Mildew1158.png,mildew,train,268,709,945,b953c96facad5a0d5c75332a30753c04,9996de5a616f3871
data/raw/extracted/Mildew1201.png,mildew,train,269,709,945,ef285d0375cbcc435c171fcbc3ad86fe,b5894eacae30d18d
data/raw/extracted/Mildew1210.png,mildew,val,270,709,945,6d5d6dc82b8ed4a1439ac74c6b57e369,8a9e9c4d2d2c33b2
data/raw/extracted/Mildew1249.png,mildew,train,271,709,945,7680cd47846d928d274db3932d276fc0,b193455b3394d46e
data/raw/extracted/Mildew1262.png,mildew,train,272,709,945,894af88b1ef2aaac1247ad9155667051,2c2ca9cb0e30238b
data/raw/extracted/Mildew1267.png,mildew,train,273,709,945,266b0c7a043c0fae12afe3c7b149ee13,1dd9554d3d386c44
data/raw/extracted/Mildew1274.png,mildew,train,274,709,945,dbaba93425b0047116febd9b9a0e81c7,093b33d1c7c70d81
data/raw/extracted/Mildew1289.png,mildew,train,275,709,945,35c600030c3f353b1bf1a117845632b9,6070323a5033b3d3
data/raw/extracted/Mildew1324.png,mildew,train,276,709,945,62d766d6a23c0353ab64f55b3d62240d,3525a3aa6ce3f367
data/raw/extracted/Mildew1352.png,mildew,train,277,709,945,73b90a3efac11131c21685f5a9413a66,6965b568e6860829
data/raw/extracted/Mildew1356.png,mildew,train,278,709,945,36ab726ff4aba65ad562bba570e14c42,737369c3626e4b7b
data/raw/extracted/Mildew1366.png,mildew,train,279,709,945,cfca1310d35ed60e701f41a3009fe70d,34b43c2b4b5ecf63
data/raw/extracted/Mildew1377.png,mildew,train,280,709,945,ae940d135ecf1ab8b6a8d1281928bf7b,29296347e5d3c662
data/raw/extracted/Mildew1401.png,mildew,train,281,709,945,c974d8bd070a1bff400b819feda7cc48,6e6163430b0f16ac
data/raw/extracted/Mildew1405.png,mildew,train,282,709,945,86736c65f650e0132988268c52619fcb,a8a00343930c4d0b
data/raw/extracted/Mildew1434.png,mildew,train,283,709,945,7a9e1a47554de950f1f354d6ba6891ea,243d3e363153d999
data/raw/extracted/Mildew1465.png,mildew,val,284,709,945,bad2d2bacad97b9e0851c3c5e4a13e99,aeb53d39b332221c
data/raw/extracted/Mildew1490.png,mildew,val,285,709,945,22c9233ab71aba3cc87afcbeeb2f8be4,da1727cfdfddc187
data/raw/extracted/Mildew1493.png,mildew,train,286,709,945,8024976005674ae6c40ec35497ef2a9d,51c9c8e9119c1c94
data/raw/extracted/Mildew1495.png,mildew,val,287,709,945,08b2bcea873d2077d3153b2ad6462e02,cc2d874f6b66a737
data/raw/extracted/Mildew1504.png,mildew,test,288,709,945,ef31d869e9a6b16cb621872a0c4305f4,356c192992c9c985
data/raw/extracted/Mildew152.png,mildew,train,289,709,1261,4a82eb9437484f75dad11fbc94d38ece,bbd16176c090a1c9
data/raw/extracted/Mildew1531.png,mildew,train,290,709,945,73bb3fc502617085fffa3cd3f6532525,c5cdc767bbfbd686
data/raw/extracted/Mildew1534.png,mildew,train,291,709,945,c2fe4a87a20d060a04359b165ad52676,4149d37244379264
data/raw/extracted/Mildew1561.png,mildew,train,292,709,945,8284685047cf676a42152157a23fa273,a2fa3232b064ac31
data/raw/extracted/Mildew1582.png,mildew,val,293,709,945,d0f7bc746b52de5132dd60f52c683c5f,690bc80809b9f9b8
data/raw/extracted/Mildew1621.png,mildew,train,294,709,945,9f4064878ae8e57680a26204476e92e0,2556594f6c4f9561
data/raw/extracted/Mildew1626.png,mildew,train,295,709,945,9ef58a092e0c04079777f56a6588785c,9b99b9195b349113
data/raw/extracted/Mildew1652.png,mildew,test,296,709,945,5769d6955dfcae1ae0db36d0e0017abd,4a64695670a3d4d9
data/raw/extracted/Mildew1654.png,mildew,train,297,709,945,a103d993d3c65f8c064f88264dc45bb7,3c71ce53598686b2
data/raw/extracted/Mildew1703.png,mildew,val,298,709,945,e54f18f2055791e81e8865892e439919,7153939393cb6c6c
data/raw/extracted/Mildew1717.png,mildew,train,299,709,945,d967ad0cbe9e144e1222706733ba56ee,99daca6c889acbe7
data/raw/extracted/Mildew1726.png,mildew,val,300,709,945,1fbfe9167b794b9ed20bac2978119605,361d94242454998b
data/raw/extracted/Mildew1742.png,mildew,train,301,709,945,9db1bb0d19fb9879ec7639f9b2edd78b,c4bcb93b2b2bc83b
data/raw/extracted/Mildew1759.png,mildew,val,302,709,945,5d5f4255ba94c8821b716920d972132f,656d695932102522
data/raw/extracted/Mildew1763.png,mildew,test,303,709,945,95292055502e74410c9ad8ea467542a7,6fea9ecd585286ec
data/raw/extracted/Mildew1768.png,mildew,test,304,709,945,a86231666bc333cd587529e8f559fe9e,a32361e7f636d3d5
data/raw/extracted/Mildew1786.png,mildew,train,305,709,945,b37849490fb0c3d4264d31e0d9476892,aa6b732d393625e7
data/raw/extracted/Mildew1798.png,mildew,train,306,709,945,bf35f1ad5d4bd79daca7d48a1f78daa4,694bf7adda7346ab
data/raw/extracted/Mildew181.png,mildew,val,307,709,1261,a33b76d79581e44ef3b5b68d792c24d0,3c7c636e32bcac4c
data/raw/extracted/Mildew1818.png,mildew,train,308,709,945,a50617eea5d058a16d950a23e28f8ff1,b9fa989b3a3849cf
data/raw/extracted/Mildew1828.png,mildew,val,309,709,945,ff9c18d2d1d48928be445128adfc9435,9053599393d36b36
data/raw/extracted/Mildew183.png,mildew,train,310,709,1261,b244048158367ed3689ae1ca7a60b2fd,1b2e16b0ef537574
data/raw/extracted/Mildew1843.png,mildew,val,311,709,945,00dd1db76e9965f30348ab36b224adb1,8c999a52e552e3f5
data/raw/extracted/Mildew1846.png,mildew,val,312,709,945,4e5aa00b0b7f8fc793d9af8148aa0508,ddd3d6c5c34f89ba
data/raw/extracted/Mildew1854.png,mildew,val,313,709,531,df8fea7e77fd35495c847f196d863ff2,25c599d999cdcc66
data/raw/extracted/Mildew1864.png,mildew,train,314,709,945,1bd65a06bb84589f915e6d1e7ee94883,0b1b5b581362c153
data/raw/extracted/Mildew1871.png,mildew,train,315,709,945,184ed741259a742a1b18bc1e9ee8f035,24a43230b2524ac8
data/raw/extracted/Mildew1875.png,mildew,train,316,709,945,c0238a66b6cd1db1405e50847173366a,7b5bcb6bbb7b77df
data/raw/extracted/Mildew190.png,mildew,train,317,709,1261,b083bd922a1fb06630730979e3b49859,5b66ccc4961c5ddc
data/raw/extracted/Mildew1948.png,mildew,train,318,709,945,6c352cc377e24de3c9a7a12fb5a0f38b,32a2cab672796968
data/raw/extracted/Mildew1962.png,mildew,train,319,709,945,d733e15f4ca51721e7994156eed0c3e2,a3611d89cbc467a9
data/raw/extracted/Mildew1966.png,mildew,test,320,709,945,e95e20eb0b2f0e851e7d1384c816e3ca,8a085a5a63676321
data/raw/extracted/Mildew1981.png,mildew,test,321,709,945,a3748fe7bfb59bf44ae7444096711e9a,a6b373331353395c
data/raw/extracted/Mildew1986.png,mildew,train,322,709,945,751d98d64f4ac71232312456f70da681,1998d99329288c9f
data/raw/extracted/Mildew1997.png,mildew,test,323,709,945,0419028a2ed256595cf05fd201b9452b,69616131b2d263b3
data/raw/extracted/Mildew2038.png,mildew,val,324,709,945,e09e3ca482fb0ecf70e0415c6fa0a74e,11359dd979343213
data/raw/extracted/Mildew2054.png,mildew,train,325,709,945,1a7994fb3c6b0fe5d58189ad2a71cc01,ab6b63d393b3f361
data/raw/extracted/Mildew2088.png,mildew,train,326,709,945,d004144ac8cd19df976ff90cec798682,1e120bb746636987
data/raw/extracted/Mildew213.png,mildew,train,327,850,478,a0934b4b932b151cdc276ec268dc8ea5,e8f3e4ce893069e1
data/raw/extracted/Mildew2152.png,mildew,train,328,709,945,f9c293d59cae4d43c443590299797a8b,66363636a5abb62c
data/raw/extracted/Mildew2181.png,mildew,train,329,709,945,9bccf09f16b1803fa06bf638b24455f6,626ba9eac9603169
data/raw/extracted/Mildew2222.png,mildew,test,330,709,945,07055b35cf57987d2bcca192d1454ecd,3721ac6c297373fe
data/raw/extracted/Mildew2233.png,mildew,train,331,709,945,4084ad1eabc8cef375e1f425b7869a62,793a23a18bcf8f47
data/raw/extracted/Mildew2235.png,mildew,train,332,709,945,3b5ed04e613a316ed575f937d44db5a9,f15ce464662999d1
data/raw/extracted/Mildew224.png,mildew,train,333,850,478,988cc792a55d93d532dd3a730a4a8f68,d9b36b8eb4788fae
data/raw/extracted/Mildew2276.png,mildew,train,334,709,945,2bd4fcdb9c34b5e8bc52335e7c41e2ac,fc5418295c686ce4
data/raw/extracted/Mildew2297.png,mildew,train,335,709,945,21c6828111f803c2aa79c13ec4836829,9b4b1b0b69528486
data/raw/extracted/Mildew2304.png,mildew,train,336,709,945,3765e4235670b1c88375683099f5927e,9292595971b0dbc9
data/raw/extracted/Mildew2307.png,mildew,train,337,709,945,d0430079055bfe1e5dffd0e155c371f0,3050d83a3a2a2d2d
data/raw/extracted/Mildew2334.png,mildew,test,338,709,945,339caf5c139cde4b4099d2498540af36,4aa6468cdcfcac1c
data/raw/extracted/Mildew2347.png,mildew,train,339,709,945,be78dbc0d656fae7b96e753617584e6f,2e3a564c8cea4943
data/raw/extracted/Mildew237.png,mildew,train,340,709,1261,a3cfbfe2fee7ec8d6c40093a24867266,8edbd2686da46e49
data/raw/extracted/Mildew2378.png,mildew,test,341,709,945,f9e5167a0d704912710554d921b0dd72,5b4ace6929b49795
data/raw/extracted/Mildew2381.png,mildew,test,342,709,945,0aef6d545ee407b53463d702836f8a8a,2d94566e36964d32
data/raw/extracted/Mildew2387.png,mildew,train,343,709,945,f8b2d35296f4ad30ddd95eef227ddca2,2563323485c4e672
data/raw/extracted/Mildew243.png,mildew,train,344,709,1261,c17a60d39fa9792da481603c4f6a4a94,59496296fafa6c5c
data/raw/extracted/Mildew2450.jpeg,mildew,train,345,709,945,98d02acc9dccf37ba2f9a0c2bb59a59e,66e43499dab0f9c3
data/raw/extracted/Mildew2480.jpeg,mildew,train,346,709,945,ccd8935bf763be098a42ee316d06774d,3db5b296acf9fb3b
data/raw/extracted/Mildew2505.jpeg,mildew,train,347,709,945,d3c33976ace5572a6797ce3140cce4cb,91b59dd9c9b7b6da
data/raw/extracted/Mildew2522.jpeg,mildew,train,348,709,945,bb0073bf3e0253c8bed79ceae1abb0d1,a98acda5c5e3ebe3
data/raw/extracted/Mildew2539.jpeg,mildew,val,349,709,945,82fe2a4171e4c7321f6b2e6bd4fb0213,8ec4c6ce4e54644c
data/raw/extracted/Mildew2563.jpeg,mildew,train,350,709,945,a3080238a1a7ed24e42df4d9c1942d8f,a64c6c2de72ff946
data/raw/extracted/Mildew257.png,mildew,train,351,709,1261,eebc15d634686d6f5f45a1561fbad491,d96b2a14964cc0d4
data/raw/extracted/Mildew260.png,mildew,train,352,709,1261,b3aef373ffdf9c1c2a9222ad6d32cac7,0682888b018021c1
data/raw/extracted/Mildew2628.jpeg,mildew,train,353,709,945,5f07340bc17abe015f04c966afd78903,1b660e0d2ba7b5b5
data/raw/extracted/Mildew265.png,mildew,train,354,850,478,20470083692a566ff8c6c667a55aec1c,1f0fcf3623131393
data/raw/extracted/Mildew2653.jpeg,mildew,train,355,709,945,411e58e8439e62df2da7702c0f04adec,238d42a499c18b2b
data/raw/extracted/Mildew2662.jpeg,mildew,train,356,709,945,6f1f56d5d5e66c441b0a4afec98fea79,accda7a467690b29
data/raw/extracted/Mildew2707.jpeg,mildew,train,357,709,945,821cf78b3f59a1220d8819de3b6e60f4,ff9fdf5f5bf3a20c
data/raw/extracted/Mildew2721.jpeg,mildew,train,358,709,945,59c7f336332ddba7a8c08df05e337afc,515064696523ae3c
data/raw/extracted/Mildew2726.jpeg,mildew,train,359,709,945,11970097ff04c6455170a55b0cd8f388,988c9495870e2a6a
data/raw/extracted/Mildew2729.jpeg,mildew,val,360,709,945,eb0d9d13d41d2eda5a43685b28b3ac22,3325cbdbc9e1f078
data/raw/extracted/Mildew2750.jpeg,mildew,train,361,709,945,1067cf0e993b55d72ee55e8ad0559334,34a9c9526585b62b
data/raw/extracted/Mildew2759.jpeg,mildew,train,362,709,945,b387470d1e68fa16bb1e2edc2cf52999,93ab998dad2747c0
data/raw/extracted/Mildew2779.jpeg,mildew,test,363,709,945,f477622702628e03f6ce1c9806a1aa67,4e4e4e29a7373c1a
data/raw/extracted/Mildew2790.jpeg,mildew,train,364,709,945,4451d9946d5c519ca42980c2d1eed965,490723b34ab3366c
data/raw/extracted/Mildew2811.jpeg,mildew,train,365,709,945,87bb079738069bada7b746da747e317d,5b69bb975be6a419
data/raw/extracted/Mildew2815.jpeg,mildew,test,366,709,945,e1f273ee2321f54c6bd513d4380844fd,a4967b27f6b77795
data/raw/extracted/Mildew2838.jpeg,mildew,train,367,709,945,f8243f53d0ad2b6674c774042b118a0e,5e14a6b81a664698
data/raw/extracted/Mildew2858.jpeg,mildew,test,368,709,945,98d511f28d9408c7e10fa87d78c63730,2d2d6b6a6da931e5
data/raw/extracted/Mildew286.png,mildew,train,369,709,1261,f1b1133bb1de62956ea5e30b14ab6b02,52346c533234359c
data/raw/extracted/Mildew2881.jpeg,mildew,val,370,709,945,eefda2ace13ac0fbdca12b10d2ab729a,6d6d647222a74054
data/raw/extracted/Mildew2902.jpeg,mildew,test,371,709,945,7ae5a75f0bf9da7065c94a232723d6a5,f434763238383131
data/raw/extracted/Mildew2919.jpeg,mildew,train,372,709,945,898023c48d05b93591760d6fb5bf718a,0e9e96868f978e8e
data/raw/extracted/Mildew2920.jpeg,mildew,train,373,709,945,c991ab6b483481891dfa899b459ea19d,1e9d32b619141818
data/raw/extracted/Mildew298.png,mildew,test,374,709,1261,628354c6d743f0d478c9532969c7beec,d891b52d4bd37288
data/raw/extracted/Mildew325.png,mildew,train,375,709,1261,9ddcb17ef69e394e8ac519ce0b685386,262319da72938121
data/raw/extracted/Mildew34.png,mildew,train,376,850,478,6cbbbb1e0494a6f827214bba476ad1e3,d8d81a1202000080
data/raw/extracted/Mildew353.png,mildew,train,377,709,1261,1c8010d06cd4cac61b5779e054198c08,834e31600731c5f0
data/raw/extracted/Mildew36.png,mildew,train,378,709,1261,e55142933576e36063dacc8ed3818bc3,2635333271316068
data/raw/extracted/Mildew364.png,mildew,train,379,709,1261,d8a0f8992af4d5d430b3895e241b579c,a42038180974a68c
data/raw/extracted/Mildew39.png,mildew,test,380,850,478,3f82faad8f7973bf7d116da834b07706,9ed13919131b969e
data/raw/extracted/Mildew406.png,mildew,train,381,850,478,2f92c0d68ed7261d51257b93ad453442,280d43628bc54dcc
data/raw/extracted/Mildew407.png,mildew,train,382,850,478,e59cbf08e20957812ab356fa7274d2f8,552a2e9ecf2f6ede
data/raw/extracted/Mildew428.png,mildew,train,383,709,945,a3bb05ef232bac2a8c16f5ca70bf32d7,e5a9b616d41252da
data/raw/extracted/Mildew448.png,mildew,test,384,709,945,c900e801b2c0f09ed01260d3ada08758,afba99366ed18332
data/raw/extracted/Mildew452.png,mildew,train,385,709,945,fcd4727e2294619a60e0647913f31b9d,3c94d626252a4c44
data/raw/extracted/Mildew477.png,mildew,train,386,709,945,f472dda70e71df419171c383c681ef93,6b839718b9e3e2b5
data/raw/extracted/Mildew498.png,mildew,train,387,709,945,30b0be969cdb971107d8dfd8a8a8f19b,cd495b793bb9894b
data/raw/extracted/Mildew529.png,mildew,test,388,709,945,63ae24903b16c9a08d591145e8934fcb,b454169650727331
data/raw/extracted/Mildew548.png,mildew,train,389,709,945,85507eb4c0b88d04b1083ba76b33bae0,258664cd5b33b6cd
data/raw/extracted/Mildew591.png,mildew,train,390,709,945,7105489890bbea243b6412fa397ef93d,e571b3aa98cc8c31
data/raw/extracted/Mildew592.png,mildew,val,391,709,945,9380e46761c2613d9696d9bdc902980d,672bb2764c123068
data/raw/extracted/Mildew600.png,mildew,train,392,709,945,4acea28222dcb27802558d15193a2eb9,0b8ac5e5b535732c
data/raw/extracted/Mildew608.png,mildew,train,393,709,945,a5af80df1d3b84f74c8b171ca527a074,572e36e6d61838da
data/raw/extracted/Mildew631.png,mildew,train,394,709,945,72f0d50838bbedfec77c236c54b0b966,3ba3924a2a5ad6b2
data/raw/extracted/Mildew646.png,mildew,val,395,709,945,c2579a031cad213011bad2224d00a2b3,48ab99492aca4990
data/raw/extracted/Mildew676.png,mildew,test,396,709,945,9266301f47a4aef75c5d4e17223745cf,288b33b0b9733af6
data/raw/extracted/Mildew68.png,mildew,train,397,850,478,1d858ccbceff221dfbd1e79b06e87d3b,a137b79091bba941
data/raw/extracted/Mildew69.png,mildew,train,398,850,478,f9edc568805cfe22f37b8bfb0e9ccdd8,d070f82961ebe9c4
data/raw/extracted/Mildew70.png,mildew,train,399,850,478,bc7bb9e143b47fe2d7df2a3250ade418,d8c0c543e3e9c5c4
data/raw/extracted/Mildew703.png,mildew,val,400,709,945,23481124d5f7c41c3fea83062ced16d4,782288e8f96265cf
data/raw/extracted/Mildew731.png,mildew,test,401,709,945,7c45c635e5c6997cc4d7a5da787affe5,94c5a7b6e5c7e1cd
data/raw/extracted/Mildew733.png,mildew,train,402,709,945,81dfe415af08999ec6cf493f1cb6322b,5a746c2c70d2e24a
data/raw/extracted/Mildew778.png,mildew,train,403,709,945,8accd6d495c95c4b9c1b11b846d7f655,e46939f13227a798
data/raw/extracted/Mildew81.png,mildew,val,404,709,1261,e025c842fe45234aead83d54e27529ca,b02b9bf492592fb2
data/raw/extracted/Mildew828.png,mildew,test,405,709,945,68def6b3688557aabd8641fde07416f3,4849a394c6664a4b
data/raw/extracted/Mildew90.png,mildew,train,406,850,478,1902b00404b5428a762532cb7fb5203a,9892c7c52c2d0904
data/raw/extracted/Mildew943.png,mildew,train,407,709,945,a2dac7a0838b5d5c36b323003543ddbc,9d7e069c93ce4c0c
data/raw/extracted/Mildew98.png,mildew,test,408,709,1261,f6a43045c2c138ee360537f0d220aba2,7e7f3defecdedbfd
data/raw/extracted/Mildew984.png,mildew,test,409,709,945,04a8f7afdebc4a368d541e94825b3a78,9ade577694a6a685
data/raw/extracted/Mildew988.png,mildew,train,410,709,945,91e567048167e6126404fcad6b51d36d,09d958f3b792ce71
data/raw/extracted/Septoria1011.png,septoria,test,411,709,945,721814d3c8e6bc24eba0fbae18620243,9a5a1158d0100509
data/raw/extracted/Septoria1033.png,septoria,train,412,709,945,a4ff23dc08d81320839dbfd35bfd641c,a98b1e5cf9e3ccb9
data/raw/extracted/Septoria1045.png,septoria,train,413,709,945,689eb2988c6d7743e3bc1bb064c9fefc,860d10660a0b3312
data/raw/extracted/Septoria1053.png,septoria,test,414,709,945,8b3a98673697e3239f316879908573ad,a132ced36b67954c
data/raw/extracted/Septoria1061.png,septoria,train,415,709,945,995c440536768123efad989de757d9b9,e76d39b0ebce3274
data/raw/extracted/Septoria1067.png,septoria,train,416,709,945,ec397749366202d727ecab9a67a7e46d,6b7af2337ce777f2
data/raw/extracted/Septoria1070.png,septoria,train,417,709,531,ec4f34e883ac0e2fb7893db144d1df58,316062e2d8194fdb
data/raw/extracted/Septoria1079.png,septoria,val,418,709,945,a409ce254ce4ad2394ac619241abed18,43c359284f6767a7
data/raw/extracted/Septoria1084.png,septoria,train,419,709,531,af18adde9bf179c3d29aaaa0b8f14b71,d18a8262b292c845
data/raw/extracted/Septoria1092.png,septoria,train,420,709,531,a6dffb0e34eb832b7dd1451d096bd5d3,1397066b8bb13532
data/raw/extracted/Septoria111.png,septoria,train,421,709,471,c0733e44355beb6cf00edb28ba5e96c4,dbd9ed6567776726
data/raw/extracted/Septoria1118.png,septoria,train,422,709,945,4c5b3ec421c391851741d3207a0d0406,ada763b377737e7c
data/raw/extracted/Septoria1124.png,septoria,train,423,709,945,661162e87218c4cf6e3046fd529a8087,27763735756dcfda
data/raw/extracted/Septoria1129.png,septoria,train,424,709,945,f5085a57bd2cb3634f43dffba34e4d83,2a2164c3d16743f2
data/raw/extracted/Septoria1131.png,septoria,train,425,709,945,83ad145607045358d1b6af85ca6f9831,0c4812705242c4a0
data/raw/extracted/Septoria1135.png,septoria,train,426,709,945,5fe7194d6436b37313399bf3d902d3dc,3363c12c979f9fbe
data/raw/extracted/Septoria1149.png,septoria,train,427,709,945,a9e2bea4769a3156bb58baf0c2744286,233775d592b07329
data/raw/extracted/Septoria1150.png,septoria,train,428,709,945,261dfff6e635e1552fe5bf0454f5ef74,76aa7267e353e665
data/raw/extracted/Septoria1164.png,septoria,train,429,709,945,6d78061d14e31b3230a2099ec15fec32,2c9bcb2d6d9d7d9f
data/raw/extracted/Septoria1170.png,septoria,val,430,709,531,e21f300b56c9fc74724df69bc7612a6d,6d6e6e67a7bfad9c
data/raw/extracted/Septoria1180.png,septoria,test,431,709,945,2970fe81f3dc9019a231701b9a080e39,b4a42803d99a7058
data/raw/extracted/Septoria119.png,septoria,train,432,709,471,72d0b15ea9b1a76a222aefe6e64b95ad,5c565f575a32128a
data/raw/extracted/Septoria1214.png,septoria,train,433,709,945,43c323ec368185f9e71ae2d37b427310,f0e2e2e0e14cc943
data/raw/extracted/Septoria1229.png,septoria,train,434,709,531,f40f281e7544c0ed9da6630f41f1ba52,4c9682aba19d0881
data/raw/extracted/Septoria1266.png,septoria,train,435,709,945,59879427989baae42c3d565a4ff9d656,c6566824a4600212
data/raw/extracted/Septoria1282.png,septoria,val,436,709,531,b3d10ff10c4bd628619c91ae650dc777,5d532535b71d3c28
data/raw/extracted/Septoria1300.png,septoria,train,437,709,531,f6d6cad48f954cafea586b2615ba567d,2eaca91b13912a32
data/raw/extracted/Septoria1315.png,septoria,test,438,709,945,f5d85a5c98c24a6654be8caa4b91dbec,a9236af299396b2b
data/raw/extracted/Septoria1346.png,septoria,val,439,709,945,d82a20629155b28bd2ce447da40df886,937b3b3c2dad3343
data/raw/extracted/Septoria1363.png,septoria,train,440,709,945,4af69a43fd56795dc466de0f4d5873d5,9234dd49c95b5366
data/raw/extracted/Septoria139.png,septoria,train,441,709,471,76b5621d8073d61d54d4f6bc1bbd56aa,31952dad0dcd2c3d
data/raw/extracted/Septoria1406.png,septoria,train,442,709,531,6328cdf9c77c3ee20c02f0262cee4f9d,cc46cbe65eb396eb
data/raw/extracted/Septoria1425.png,septoria,train,443,709,531,4c9b9a9b1b3e4d396845d3237dbbd453,64ad4b22a18b8c26
data/raw/extracted/Septoria1443.png,septoria,train,444,709,531,e7ed0cfb071e3f3ba4fc5fdd41e0defd,3c8e1be9990c0e9d
data/raw/extracted/Septoria1464.png,septoria,val,445,709,531,d1621618545ec9484084b6180a205dd7,256d7b2caea92b59
data/raw/extracted/Septoria1471.png,septoria,train,446,709,945,60d8d1a4d8d07f8fc570f095a4dba10d,55494c4863674eb6
data/raw/extracted/Septoria1494.png,septoria,train,447,709,945,bbe00d0ee66900f9757f45e676453716,6eac7a885b76cc6d
data/raw/extracted/Septoria1516.png,septoria,train,448,709,945,83e1ea636cd83f0de479d56d7a072989,1255ccb63a9be3cc
data/raw/extracted/Septoria1531.png,septoria,train,449,709,531,e4af8aa4c0b7b43ec05fb232fd561de7,f2f071e141583064
data/raw/extracted/Septoria1545.png,septoria,test,450,709,945,d3ec380b5e55156ce887d1b0dbea1236,636ca44c94342133
data/raw/extracted/Septoria1570.png,septoria,test,451,709,531,349e65af2f190539fac83be854b3ffab,4a0a1e4f35136366
data/raw/extracted/Septoria1581.png,septoria,train,452,709,945,60684c3a6671e403a75f056af2218bae,0d9b5a5633253df7
data/raw/extracted/Septoria1586.png,septoria,test,453,709,945,1136a73d5f8535b1e51104994f98304c,a292521a4a358688
data/raw/extracted/Septoria1602.png,septoria,val,454,709,945,a6cc0147e8c37da3290a7d9aa06a066b,d828ea649c36e63c
data/raw/extracted/Septoria1620.png,septoria,train,455,709,945,a0d5208ac0198f77551f888be51eef58,423815f272a56ddb
data/raw/extracted/Septoria1626.png,septoria,train,456,709,945,67df99589efa2451c485f505e390eca3,ad73a3c69d71973e
data/raw/extracted/Septoria1658.png,septoria,test,457,709,531,ec56e729a5960032adbd890ca250dbf1,63b15aba5a62c1a5
data/raw/extracted/Septoria1670.png,septoria,test,458,709,531,ba2d3dba3141491488dd4b6f6bfcac6f,c362a2ce46ee2955
data/raw/extracted/Septoria1676.png,septoria,train,459,709,945,0147d0bfffeec1a0f689dfada3397c1c,caeb5a51a9abdad4
data/raw/extracted/Septoria1685.png,septoria,val,460,709,945,b6ab4c66ffe1c532dcc005a9e2e33819,cb2a74313a327063
data/raw/extracted/Septoria17.png,septoria,test,461,709,471,eda324f8337ad0fcdc1dfc1e82274c61,544a4884d6e5ad36
data/raw/extracted/Septoria1711.png,septoria,train,462,709,945,07fe245f52ee916827c077a99b7fab63,86cf6343ccdbc9cb
data/raw/extracted/Septoria1729.png,septoria,val,463,709,945,27e456135eccee250f06c02c8b5354c4,a67575e6222976e0
data/raw/extracted/Septoria174.png,septoria,train,464,709,471,996997ea14c87530073f2bc7554e27f6,add4c951f5ca9858
data/raw/extracted/Septoria1761.png,septoria,train,465,709,945,4457da25db623130fcf8a9863bacff9d,db4e49cedc1912d3
data/raw/extracted/Septoria1781.png,septoria,train,466,709,945,66d84c25164bb718ea058707376c527d,4780003030263422
data/raw/extracted/Septoria1811.png,septoria,train,467,709,531,5d49331dc3415aec00c857ea422ba01e,774f1dcd6867b639
data/raw/extracted/Septoria1825.png,septoria,val,468,709,945,298490b712fcd6a1610022306ea8a3f8,974aaad6d4750ba4
data/raw/extracted/Septoria1848.png,septoria,train,469,709,945,35292356c7ca3b2de6098fc205fb7803,73118b0644c4880c
data/raw/extracted/Septoria1870.png,septoria,train,470,709,945,3c0f694caf0383e4e246dbf16d0bc33d,6664353573669e99
data/raw/extracted/Septoria1886.png,septoria,test,471,709,709,6ee9172e770b2941c547d1557fe839ec,7333b386c4753258
data/raw/extracted/Septoria1898.png,septoria,val,472,709,945,789b5ca4c8f79a9daaed6be063a8cd7d,6098f2c5a103c20c
data/raw/extracted/Septoria1901.png,septoria,train,473,709,945,da18c61dcabf08328aeb534cf69ffbc8,3e3d73464e5ebd33
data/raw/extracted/Septoria1910.png,septoria,test,474,709,945,9f0f03f7d5393fe2890677daabc32baa,333535b233136767
data/raw/extracted/Septoria193.png,septoria,train,475,709,471,9e88e5adf0256dd3a3c342211d269826,2c89dac5cb8b4bca
data/raw/extracted/Septoria1956.png,septoria,train,476,709,945,68e11e140e75d995cfea74fcc48219ce,3d1535654b66a434
data/raw/extracted/Septoria1962.png,septoria,train,477,709,945,7496c616dcc52b4e964bc0893cac5309,a3274b662fdf989d
data/raw/extracted/Septoria198.png,septoria,train,478,709,471,68cc2f0b2d9d0659689c3ee9b3341de1,974f9b3752a66746
data/raw/extracted/Septoria200.png,septoria,train,479,709,471,4034a5a7726e9d2627acd63d5ef21b5c,2496eac69a1870f6
data/raw/extracted/Septoria2015.png,septoria,val,480,709,945,c7416ee44c39aaeea5709f86844ac6d1,4d0d8ccd29a9eb3b
data/raw/extracted/Septoria2067.png,septoria,train,481,709,471,2200d42faebcb2216d51a1e51c6c47da,1c1c3ab29c5e2e6a
data/raw/extracted/Septoria2081.png,septoria,train,482,709,471,9823df8059653a3d9db04d68c6b00079,55f5e7c7c3cae6a7
data/raw/extracted/Septoria21.png,septoria,train,483,709,471,b6274b7812676d4cf03f6e6fde522838,6d6caba3d5cceda4
data/raw/extracted/Septoria2118.png,septoria,test,484,709,471,b63997905ab1d172a17e8aafcefcd5e5,73f33393cb666270
data/raw/extracted/Septoria2134.png,septoria,train,485,709,471,573b7c93996acf3afd567dc71d15f558,565343148d9b5aac
data/raw/extracted/Septoria215.png,septoria,train,486,709,471,674b9fe06d22aa989a65c67d37da7a15,14c5c440e991a1a1
data/raw/extracted/Septoria2168.png,septoria,train,487,709,471,40488bbff8919e193779694fe554070b,b5391e1c89c66f2b
data/raw/extracted/Septoria2183.png,septoria,train,488,709,1064,6709a3a327f6be34e847832426bed197,6c69f17b188ce5a1
data/raw/extracted/Septoria22.png,septoria,train,489,709,471,2a055f7ae2395c1d5141a042a57ec7ca,ac8c745173e56726
data/raw/extracted/Septoria2210.png,septoria,val,490,709,471,54ec74d159a86586263877ab6f47427c,e56564d0d8c66c6c
data/raw/extracted/Septoria2230.png,septoria,train,491,709,471,836ad0a8e776f779c7e8dfee0a4071f9,dccdf3b3f0c3939b
data/raw/extracted/Septoria2255.png,septoria,train,492,709,471,98e455ce1f89029ee1f4bc4d5a8cff2d,65c3cf869d1b5b67
data/raw/extracted/Septoria226.png,septoria,test,493,709,471,c9c3d718941c41dede44830b3de778c6,e4eb67773637a7c9
data/raw/extracted/Septoria2280.png,septoria,train,494,709,1064,47224b8466f8310e299d209df2e0b5dd,3534640683e1e361
data/raw/extracted/Septoria2308.png,septoria,test,495,709,471,a9e7997173c6e51e80515856364d8265,6667ecca46547199
data/raw/extracted/Septoria2344.png,septoria,train,496,709,471,f576743b507aedefce19b2a8839a5499,045607852123232b
data/raw/extracted/Septoria2361.png,septoria,test,497,709,471,78ed159a110dd1f2d308a0abc1397b34,dadadcc9c374f8f8
data/raw/extracted/Septoria2378.png,septoria,val,498,709,471,56a522ccbf1e9810abafc5ea029351bd,a1a595d3f2b69c6b
data/raw/extracted/Septoria2398.png,septoria,train,499,709,1064,e9c661647ed8ffa58f13a6c5d4abda69,0c2c681492924b23
data/raw/extracted/Septoria2417.png,septoria,train,500,709,471,dd1ef7b79adcd4767e54b7e6015e5dc9,c5c1f1f3c8e8e9f8
data/raw/extracted/Septoria2434.png,septoria,test,501,709,471,09ba2b85707dc4949a65bb83adf55ae0,257753795ace8f0b
data/raw/extracted/Septoria2461.png,septoria,train,502,709,471,b9a6769e62f6d1b6af36ed897013a4cd,afaeacf2f2cbc7c6
data/raw/extracted/Septoria2473.png,septoria,train,503,709,471,7ecf3a1c4cee10b2c0bfb0c645cd2b74,57d54db9b1a5a723
data/raw/extracted/Septoria250.png,septoria,train,504,709,1064,d2a076b5f04d526e87dd920185a0cf0a,22564d1b9e393132
data/raw/extracted/Septoria2517.png,septoria,train,505,709,471,f32bb401bccac99c589a144dda47b613,bdb93939571154bc
data/raw/extracted/Septoria2533.png,septoria,train,506,709,471,02b086439bab1f8f1dbe139079535fdb,db5525660e1c54d9
data/raw/extracted/Septoria2552.png,septoria,train,507,709,471,9a07a37afb6a2b6777f2dd80a65b5cb7,2e2c2e92bd893e4c
data/raw/extracted/Septoria2577.png,septoria,test,508,709,471,94238709bd586f000fabab4b218f9a06,9cb12286b7994a12
data/raw/extracted/Septoria2609.png,septoria,val,509,709,471,210ea610d010077490eace70aac3f5e4,3f7333b787cdc80b
data/raw/extracted/Septoria2626.png,septoria,train,510,709,471,2a362d9bfa50c7102ebc35294c9c169a,ac39ecdc336b6daf
data/raw/extracted/Septoria2647.png,septoria,train,511,709,471,17d3f758e2c3548db43a5dffd1045cb1,f2a3e35373e376ce
data/raw/extracted/Septoria2681.png,septoria,train,512,709,471,320fcf9474cf1cd2c343aafe1bb1f176,1e544f6b6767b3b3
data/raw/extracted/Septoria2694.png,septoria,train,513,709,471,dcb85b3d66d596509ed1d0e0400c5b1a,5a531bdedaa72b65
data/raw/extracted/Septoria2700.png,septoria,train,514,709,471,df4149c33e7c358a059c64cb40312d40,66ce1b12e1cb9395
data/raw/extracted/Septoria2709.png,septoria,train,515,709,471,8f327353c5856dde15fb5cfa50cd2a71,f477733335111273
data/raw/extracted/Septoria2727.png,septoria,val,516,709,471,82cdc517c48f608e35a0cda1d7ca4c91,510b33749e164c29
data/raw/extracted/Septoria2744.png,septoria,val,517,709,471,02555d7c6ebe576df751bcfacb0d1536,d5932c7973c92b37
data/raw/extracted/Septoria276.png,septoria,train,518,709,471,7a9a7d96db0422208558039501062b13,2924944e06161a1f
data/raw/extracted/Septoria2780.png,septoria,train,519,709,471,0f7bd34657faa62c3e2f2fa46892742a,5a5113024c106965
data/raw/extracted/Septoria2798.png,septoria,train,520,709,471,a89b99f58e2750d62e4890c9ac1933c4,c7c7d7b3b3b6361b
data/raw/extracted/Septoria2820.png,septoria,train,521,709,471,6badb6bdf520c18119aabc491aa06c04,17371d908c1d1c0e
data/raw/extracted/Septoria2847.png,septoria,train,522,709,471,325c07baf8eff5cd538accc33b4b58ef,2e2e8eca42c5c67f
data/raw/extracted/Septoria2865.png,septoria,train,523,709,471,9ba208f358224a1e7103e99b6556e2f9,7130242524a3c928
data/raw/extracted/Septoria2884.png,septoria,train,524,709,471,1c05afccfe49d9cc612972226083b383,2f263232b2b13234
data/raw/extracted/Septoria2900.png,septoria,train,525,709,471,2467cbf3cb3ca8ceea2169a1e86f7725,bdada733592c4d69
data/raw/extracted/Septoria292.png,septoria,train,526,709,471,fdda2aee819a4ae3a279d2301884106e,6b63bd3c5c0db766
data/raw/extracted/Septoria2953.png,septoria,train,527,709,471,77c298415213024151373d9ee3de63d2,b3938b8fbd1e1e6e
data/raw/extracted/Septoria2975.png,septoria,train,528,709,471,cc7a4512eaaa16327552886e80f6d664,f861736be3d70dfc
data/raw/extracted/Septoria2990.png,septoria,train,529,709,471,25e3db449337af69b59e08fc2ffa75a9,9b9d73f3b53666ca
data/raw/extracted/Septoria3020.png,septoria,train,530,709,471,01e137dc442f0945f44c226ce2ab7a1f,0c06860c8cccc662
data/raw/extracted/Septoria3052.png,septoria,test,531,709,471,3431fa40393e7b50b0ed75795c9c2603,b979db7d7d746c5d
data/raw/extracted/Septoria3063.png,septoria,train,532,709,471,11681618ac66e501584c06043a2146ac,33212d71b99de763
data/raw/extracted/Septoria308.png,septoria,val,533,709,1064,a4ff53f680925b81067660e78c3248e9,9c9c54b196c67178
data/raw/extracted/Septoria3097.png,septoria,train,534,709,471,0754ccf5215c70c25cb25bdb610c1413,7810763014353d19
data/raw/extracted/Septoria3114.png,septoria,train,535,709,471,7f2bc5f73eab949cde2ff0fcbd0e2c2f,f5dd7776763667cd
data/raw/extracted/Septoria3134.png,septoria,train,536,709,471,49df26f6baf004f7735b9014cf5755e0,4d610b0bbbfdd8c6
data/raw/extracted/Septoria3137.png,septoria,val,537,709,471,cdcb4b3b7ff4412329d1cf073eba12fd,9f9f1eb4cd198b1c
data/raw/extracted/Septoria3170.png,septoria,train,538,709,1064,ff5b7393478177b7042787e157afc89f,bab7e39c9ca32c7c
data/raw/extracted/Septoria3177.png,septoria,train,539,709,1064,936a9a267bc6f2e19a341835c5c2cd45,959a0919e5264acb
data/raw/extracted/Septoria3198.png,septoria,test,540,709,471,fb7100a41a2c836e089a0696c7c63603,b4fd5b83ba1b5b5b
data/raw/extracted/Septoria3221.png,septoria,train,541,709,1064,16dce1fb6e978a43c977c98da5a3076f,a9b2236e2c7a9a52
data/raw/extracted/Septoria3236.png,septoria,train,542,709,471,ae30da5723d24be18c2e281222bec083,b1f86c61698a91f1
data/raw/extracted/Septoria3274.png,septoria,val,543,709,471,c260ac4bf65850b892264ad1f2d95363,3593936f24262262
data/raw/extracted/Septoria3284.png,septoria,test,544,709,1065,08fba2a61fcc69ae4aea44a17ab5bd14,1be588c2e4a4f061
data/raw/extracted/Septoria3294.png,septoria,test,545,709,471,996f8d22b1de165d64d78777b424922c,4647138fc3dac7cb
data/raw/extracted/Septoria3319.png,septoria,train,546,709,471,67c36f03f0bdb5fc4dcf7de7da42362b,3b9fca6675766fee
data/raw/extracted/Septoria3346.png,septoria,train,547,709,1064,cc5b72e6b8861a39c9358a9ae128029b,e9c9fc54f259b492
data/raw/extracted/Septoria3372.png,septoria,train,548,709,471,997249a449bed8a488f348599e1d1845,2e961e222375948c
data/raw/extracted/Septoria3392.png,septoria,train,549,709,471,0c5978988f2e880eb3190acf285ce75f,9e2a4b63979b1a2a
data/raw/extracted/Septoria3403.png,septoria,train,550,709,471,051172825bfc52814e6807fcad6c8c23,1b3e4e7bdf58984c
data/raw/extracted/Septoria3423.png,septoria,train,551,709,471,da92d32224948847556fcf63a56eb0ed,240f87e3235b338e
data/raw/extracted/Septoria3435.png,septoria,val,552,709,471,06c48487262c5612d840c01218b9a4d1,76a4e46d091a9121
data/raw/extracted/Septoria3478.png,septoria,train,553,709,471,4067882dd71259e312d542565e40b4bd,d158582a681018c3
data/raw/extracted/Septoria3524.png,septoria,train,554,709,471,278df9697924a6e3625529f1a7075756,2527353132b29524
data/raw/extracted/Septoria3532.png,septoria,train,555,709,471,1871c2b42585641adcbc0c5ccd57d724,296b13653191c549
data/raw/extracted/Septoria3543.png,septoria,train,556,709,471,2e7f8f3920b1322baead271cb841f25f,6d2c0e9c56267b9b
data/raw/extracted/Septoria3557.png,septoria,train,557,709,471,ceb120745ee5041ae86ee36f39c8d4dd,c9c98a8a7377fb60
data/raw/extracted/Septoria3561.png,septoria,train,558,709,471,7f7cc4ed1eeed59923a875039bb2dda4,4cc4e6c545c3da9a
data/raw/extracted/Septoria358.png,septoria,val,559,709,471,d94305d6cd24730e3ae1530caa608d06,9d9ce47bbbaa9c08
data/raw/extracted/Septoria3624.png,septoria,train,560,709,471,48cc2ba003ae4601ef1a72af4f983ec1,58b2a8e8d0d08189
data/raw/extracted/Septoria3646.png,septoria,train,561,709,471,2f797b45c1b3c44651aa49470fa80000,984860a3250a262d
data/raw/extracted/Septoria3655.png,septoria,train,562,709,471,7b2cb96874e02bd017baaff484f19bee,d216a8ae8dc5454d
data/raw/extracted/Septoria3667.png,septoria,train,563,709,471,09e9f382de8c79e96768a9dc50b2f0f3,b3d24485dd3a98d8
data/raw/extracted/Septoria3679.png,septoria,train,564,709,471,c2bccd69d1e470a0c151043c9ee43e65,35b4663627665c9c
data/raw/extracted/Septoria3692.png,septoria,train,565,709,471,8866104eac9238af6f01ff37a2697526,88c8228949083559
data/raw/extracted/Septoria371.png,septoria,val,566,709,471,45ef76290ea7032135290a116db85660,9cd596366fcf5e7e
data/raw/extracted/Septoria3728.png,septoria,train,567,709,471,016a807164e73dfbb1de8ff74cd1412c,36351624451a0646
data/raw/extracted/Septoria3751.png,septoria,train,568,709,471,457bfe3031e3c72fec4287ffaf3716cf,29bb96c6c4c5a4d2
data/raw/extracted/Septoria3771.png,septoria,test,569,709,471,0521ed385cfe4c786ccab9e1a23d363c,ce6cf5946a6beb6b
data/raw/extracted/Septoria3785.png,septoria,val,570,709,471,1512991f95ca526f689f6e903470ae71,9991c31bcfc5e6e6
data/raw/extracted/Septoria3797.png,septoria,val,571,709,1064,4d0339834c1e627fd4aadc400920ccef,6cc78731e3e7e7cb
data/raw/extracted/Septoria382.png,septoria,val,572,709,471,68a8e307784c6c353879d787f3aceaa6,d3eac9ccb624cd99
data/raw/extracted/Septoria3831.png,septoria,train,573,709,471,f1e202b946b4ead9fb979ad20f668c50,ca2aaacadbc2d231
data/raw/extracted/Septoria3865.png,septoria,train,574,709,471,923a32c6af25ef38829c83095abbe409,6cae2359595c7491
data/raw/extracted/Septoria3882.png,septoria,train,575,709,471,daafbce4af8f9d8d0b9f60e5c0d970f2,323325161f1b13d6
data/raw/extracted/Septoria3907.png,septoria,train,576,709,471,02dc81cb66884ad60a75397c4db153dd,c9ebea3c9d555656
data/raw/extracted/Septoria393.png,septoria,train,577,709,471,5c16979f6fdb6f462520c0093b40ff7e,71e365578e0c5938
data/raw/extracted/Septoria3939.png,septoria,train,578,738,491,431f09049fe8c5e522ee8953533128a6,9adace9a9b9735d5
data/raw/extracted/Septoria3968.png,septoria,train,579,738,491,b57efea996518f4d41ff6ceadfe4c9d1,6664e4f26e343d3d
data/raw/extracted/Septoria4003.png,septoria,train,580,738,491,fe5182f834157c3a637a85bb7828f542,56160e243c0d0999
data/raw/extracted/Septoria403.png,septoria,val,581,709,471,fcce9f1577efd19cc95bd755288e3ed6,3535323333369436
data/raw/extracted/Septoria404.png,septoria,train,582,709,471,540dc9d125835dc39b311c3031a4e1de,bd5d4d2fb7deeded
data/raw/extracted/Septoria4051.png,septoria,train,583,738,491,00551b3ce29e209cfbd351aeb5199f39,85870bf3b91d965a
data/raw/extracted/Septoria4078.png,septoria,test,584,738,491,c0fa3dc11f86cf4e8820eafa0d707b6b,e9af65ddaf367ffb
data/raw/extracted/Septoria4088.png,septoria,train,585,738,491,52c2619d2055e188019c88c40ea436c6,9bc98d858dadb5b5
data/raw/extracted/Septoria4109.png,septoria,train,586,738,491,2c8be9d38d7eda67253bf829aa774d1e,1e8ca0b5342e5275
data/raw/extracted/Septoria4125.png,septoria,train,587,738,491,807a1b9c6e9356fd3412c8d19e1a4b24,da9e9e97e76f4ecd
data/raw/extracted/Septoria4152.png,septoria,test,588,738,491,a0dba69afdc3e142b96522d21d53eee4,2525a409c0454585
data/raw/extracted/Septoria4172.png,septoria,train,589,738,491,ad7f93e3267cd425bcbce4189bd31725,6d37080eaf95e4cf
data/raw/extracted/Septoria4188.png,septoria,train,590,738,491,059dfa3d13a0a31eaaa9aae0a9d5d4ce,6d34b499d98c95dd
data/raw/extracted/Septoria4191.png,septoria,train,591,738,491,79a080e9690cdcb3ea8c9308323025f9,909221c95b068d46
data/raw/extracted/Septoria4198.png,septoria,train,592,738,491,14f3d1b04674eb4ca3f590e9f92d37f2,1b9a2624c598088a
data/raw/extracted/Septoria4227.png,septoria,train,593,738,491,7708a032daf01da8701a77a3198f8d4c,551355574b4d4542
data/raw/extracted/Septoria428.png,septoria,test,594,709,471,0ae7adbc373446a5e7759af61edf5dd5,69dc8ca696b390b5
data/raw/extracted/Septoria4292.png,septoria,train,595,738,491,f5f59855df1254942592d97b34ca670f,fb7abcf8093979d4
data/raw/extracted/Septoria4324.png,septoria,train,596,738,491,8d49e70825926b8bdec91f39d10ca640,4c0c8c89d9d85059
data/raw/extracted/Septoria4345.png,septoria,test,597,738,491,b93c7fd37094be7159f07a9545109471,2c34262626929362
data/raw/extracted/Septoria4358.png,septoria,test,598,738,491,110a27ef9b10e0ec4af30d2121a9033c,4c4cce9e6626b3b2
data/raw/extracted/Septoria4372.png,septoria,train,599,709,1066,ef212af25b656872d83bb47bb7fb4203,f0de5b23db4f2715
data/raw/extracted/Septoria4382.png,septoria,val,600,738,491,9755d24637bc2f46cd0f62d59dad052a,35377859da7375f8
data/raw/extracted/Septoria4408.png,septoria,train,601,738,491,dc79abd31fb56083b213bce700f97026,33b5a532a6a6060d
data/raw/extracted/Septoria4412.png,septoria,test,602,738,491,1be5497d8eb1093cc2d4ef51820dc274,6226cb49cbd5abb2
data/raw/extracted/Septoria4426.png,septoria,train,603,738,491,ece8933af4a48b530a7c7bf31c9446e9,985824e65220b514
data/raw/extracted/Septoria4444.png,septoria,train,604,738,491,dc861e276751e50559dc23e242569060,4e76048e19c68d2d
data/raw/extracted/Septoria4456.png,septoria,test,605,738,491,1178d540534555092ddf20caf297a4d5,666651d5692828a9
data/raw/extracted/Septoria4488.png,septoria,train,606,738,491,f56eac10cb8203877465db0a18a4b388,4b4393bdb9282435
data/raw/extracted/Septoria4507.png,septoria,train,607,738,491,46ae1f5ec27caad80fa815b8ecf96d12,cd8d0c0c2933390f
data/raw/extracted/Septoria4514.png,septoria,train,608,738,491,798836f04ff69aff89d64d395b9ab334,be356f8f9dd9ab9a
data/raw/extracted/Septoria4525.png,septoria,train,609,738,491,0dfeb9ea2bf1c94c1f6eb19566d699b9,da9b327e313623a3
data/raw/extracted/Septoria4546.png,septoria,val,610,738,491,aedc0db15f6b419acbcd5922b6ef1de9,1cd49792d6961694
data/raw/extracted/Septoria4553.png,septoria,train,611,738,491,f615ea782d5d647dc7fd67beb9b52a40,6d656c6e3aa6e6ae
data/raw/extracted/Septoria4569.png,septoria,train,612,738,491,db4353de6a2b9b1eaba177011dba4abb,3331b31214961648
data/raw/extracted/Septoria46.png,septoria,train,613,709,471,8bc47965731d5989fee9ff7b98b0e0cd,4d4549c38b92828c
data/raw/extracted/Septoria462.png,septoria,train,614,709,471,9020eaf315162ac4a0f196d2dab2173b,dbec64527b732edb
data/raw/extracted/Septoria4631.png,septoria,test,615,709,1066,815067ec3f72fda8c9688886de4f6a9b,9684e1f3b1d95935
data/raw/extracted/Septoria4658.png,septoria,test,616,738,491,eed19305b693f6974740219e0dfba742,eeacab8a8a2a2725
data/raw/extracted/Septoria4671.png,septoria,test,617,738,491,e560ad2e9699b8780e12d05e92756532,616ba6aca5351444
data/raw/extracted/Septoria47.png,septoria,train,618,709,471,6a57c31904961a4e742a0206f381927b,008184c1c6d17264
data/raw/extracted/Septoria4713.png,septoria,train,619,738,491,f311f90b647195b1f5658117a714e614,586c4c9273444920
data/raw/extracted/Septoria4715.png,septoria,train,620,738,491,d58470b4227f0831ecae3e512caf5038,e3c6cc1973a31961
data/raw/extracted/Septoria4733.png,septoria,train,621,738,491,8d4736171b7b13d3caf672b4936c92e0,998d8c96178f371b
data/raw/extracted/Septoria4776.png,septoria,train,622,738,491,a3c949fcb459400b49ba0ef80e696134,96852d230672726a
data/raw/extracted/Septoria4789.png,septoria,test,623,738,491,4880016533963e523da271ba30acac17,f9f0b870b0a06878
data/raw/extracted/Septoria4791.png,septoria,val,624,738,491,65efb8fc79c72924570fb29dd482525d,2124a69696d785e6
data/raw/extracted/Septoria4796.png,septoria,val,625,738,491,f748444d53e0f6e669659c70b9f76c75,9119874ec6841862
data/raw/extracted/Septoria4808.png,septoria,test,626,738,491,054b26312874a3bec3beeb111f638382,a1021434372b1b05
data/raw/extracted/Septoria4815.png,septoria,train,627,738,491,ec3bc837a543f8ec144859a4afcaab37,091a8a82888e8cc6
data/raw/extracted/Septoria4832.png,septoria,val,628,738,491,1c05fd1818b258726238c716e3e3df4a,3dbf3fbf4fa7de48
data/raw/extracted/Septoria4845.png,septoria,train,629,738,491,c507f580fa4d547186cbb564b2dda495,1919919191898989
data/raw/extracted/Septoria4882.png,septoria,train,630,738,491,f9c66355e4146021487c522dd382b315,6465b535151d0d4d
data/raw/extracted/Septoria4889.png,septoria,train,631,738,491,57d0be75c6c52371c55e7b07d6f86e33,f372267697968769
data/raw/extracted/Septoria4897.png,septoria,val,632,738,491,c1dd7eca30506968fbd9e6f2ea104ad2,c4c6cea263030606
data/raw/extracted/Septoria490.png,septoria,train,633,709,471,a81e2b9f1e070f31bf55df941e8947f4,b81745a8e8e86226
data/raw/extracted/Septoria4912.png,septoria,train,634,738,491,4b82a06bc3250225323fc365924854ae,cbc7c7c6e7e3f3a2
data/raw/extracted/Septoria4940.png,septoria,train,635,738,491,8d7a945a079d1743fc8112488ae3a2f9,ede97b1abaeaaa2a
data/raw/extracted/Septoria4953.png,septoria,val,636,738,491,729b4b1e9b402d43ff58857e1c4a6d0e,d1b5292d2dcd6918
data/raw/extracted/Septoria4969.png,septoria,train,637,738,491,81a29658bacd9e2e044ac696f70b6652,d26b677e381444a9
data/raw/extracted/Septoria4981.png,septoria,train,638,738,491,b2c4dbd6f51de7b02bcdb3c51593662d,9985cfc8d8300cac
data/raw/extracted/Septoria500.png,septoria,train,639,709,471,a464ccdb7a308eb51f790bb95dfa6a7d,0b05278b5a1b3f5f
data/raw/extracted/Septoria5024.png,septoria,test,640,738,491,4e125d5add5ba20088dc84a069637bf2,6922009a12070609
data/raw/extracted/Septoria5047.png,septoria,train,641,738,491,6e2392161285088bbf00bee75dc27ae8,591adc126243321a
data/raw/extracted/Septoria5067.png,septoria,train,642,738,491,867cd7f64b951bc7483ef714a128caa7,545011226268204a
data/raw/extracted/Septoria5073.png,septoria,train,643,738,491,63e3b0f8a486debf0a4df4a1cbdfb3e3,4a6aa21e436b4a56
data/raw/extracted/Septoria5096.png,septoria,train,644,738,491,7821326e8b638502efa228ba628b56aa,7337234535224a1b
data/raw/extracted/Septoria5097.png,septoria,train,645,738,491,0a7b6a40516ae9e6d6cadba3156e5af7,31697e5c1d397167
data/raw/extracted/Septoria5107.png,septoria,val,646,738,491,00bf46be3dac6b9b7dba11c093975063,d61495965e4c39b9
data/raw/extracted/Septoria5138.png,septoria,train,647,738,491,35e2eb92952ace3ae049b828dfe90503,042c2c52550b134d
data/raw/extracted/Septoria5151.png,septoria,train,648,738,491,f3e1ea546dc99b45d1b6a3aaa9dbbb1a,050d88a88c96d3c7
data/raw/extracted/Septoria5166.png,septoria,train,649,738,491,f7562b08c6250b9ba77b6823320670c7,3b0b0b269591c2c2
data/raw/extracted/Septoria5192.png,septoria,train,650,738,491,8554c3fd9ab4aad6d0e266152c379baa,2c24240514062545
data/raw/extracted/Septoria5201.png,septoria,test,651,738,491,a67da523deafc150ac8f4a690413da16,64d0ea683076baba
data/raw/extracted/Septoria5224.png,septoria,train,652,738,491,4e83274d83474de8971eae3e174dc2a2,11090062c0048080
data/raw/extracted/Septoria5252.png,septoria,test,653,738,491,d7e2d48e4e74054098ede189513b468c,13472a484cb35f2b
data/raw/extracted/Septoria5259.png,septoria,train,654,738,491,e0059cecc4282fb18af7070adf11e304,a7a7af2cef2e2aaf
data/raw/extracted/Septoria5279.png,septoria,train,655,738,491,2e11e16cf851ce7c0e22280877e1f100,5151505696b26747
data/raw/extracted/Septoria5311.png,septoria,val,656,738,491,2305d8b4f965538280a233ee72df9e54,839594c48c8ad5d5
data/raw/extracted/Septoria5319.png,septoria,train,657,738,491,8b71d2213a223ccb2c1d93d937fca074,148ccc4c28094374
data/raw/extracted/Septoria5339.png,septoria,train,658,738,491,e12a16d89f49d22eea2d4ffcab2a548c,2fabbb95bbb7a7af
data/raw/extracted/Septoria5340.png,septoria,train,659,738,491,a21107832ce24910c8b2b68d7eab8683,4aca4676988a8a93
data/raw/extracted/Septoria5367.png,septoria,train,660,738,491,df7d7de6f309c754f87f13fbb3f57390,273e19332a4b1fcd
data/raw/extracted/Septoria5387.png,septoria,test,661,738,491,e98888af7a0a0a615463b3a43092c26d,8c8ca6c5cd8dc9c9
data/raw/extracted/Septoria5403.png,septoria,val,662,738,491,754fd504911644cb073a3dd6a5be719b,2c999bb2d5493337
data/raw/extracted/Septoria5422.png,septoria,test,663,738,491,fe9132452be9fd7c029f817008a54663,4b434b61bda98d86
data/raw/extracted/Septoria5436.png,septoria,train,664,738,491,e02768933efd78bd3ecba7dbbecb7ae0,1464d495b53172dd
data/raw/extracted/Septoria5447.png,septoria,train,665,709,1065,3a3500ad633cfe38412c4f54cde8ebd4,2e38b2c214068200
data/raw/extracted/Septoria5454.png,septoria,train,666,709,471,f56130bb4387d7a69e93e1ea0b473654,126fadb6dc7424c4
data/raw/extracted/Septoria5464.png,septoria,test,667,709,471,4cf2093f1be22fbf864e9b806a7aeec6,a4351ae672db0686
data/raw/extracted/Septoria5496.png,septoria,train,668,709,945,9102a8d92bc5d55c99803d2da274bbc4,e06a4b8f8c985171
data/raw/extracted/Septoria5513.png,septoria,test,669,709,945,5a711fe728f1ea624fae6eb14df41a0a,6a4d5d939b1b0b8b
data/raw/extracted/Septoria5539.png,septoria,train,670,709,945,ceeeb60a7d24677da2b665e930e827e8,26afabd35650cd1c
data/raw/extracted/Septoria5553.png,septoria,train,671,709,945,48240cb54af4a34a0faf7a60e26c0014,19ce5029316d6b52
data/raw/extracted/Septoria5567.png,septoria,train,672,709,945,170ce56444474f5ff70a324ba1711549,2100826320a1680c
data/raw/extracted/Septoria5580.png,septoria,val,673,709,945,9b01a55091f1a60a625b72e6c2d01545,298748d9b5256d6d
data/raw/extracted/Septoria5601.png,septoria,val,674,709,945,e7fb140079fd9c8805332fbe9deb862a,975a711833cf3775
data/raw/extracted/Septoria5609.png,septoria,train,675,709,945,31e5fb223da89a00b94038022f46bfcc,a99ed2537b6c1812
data/raw/extracted/Septoria5643.png,septoria,val,676,709,945,e10dea2c3a67c3eaa9599b603c47a643,195b762d6a656bd3
data/raw/extracted/Septoria5675.png,septoria,train,677,709,945,f5d78fe3f73a2ace5d7eb8a726a7749f,0eb66d8d39664ccd
data/raw/extracted/Septoria5698.png,septoria,val,678,709,945,dd13e8f7ed2cd2a3bfdd52faaf331881,3475b2b626935313
data/raw/extracted/Septoria5712.png,septoria,test,679,709,945,cda94780c3c929a0a765235e2b16b634,b97a5c75bb53376e
data/raw/extracted/Septoria5727.png,septoria,test,680,709,945,304188b13ca0c895bbbe165ab97561b2,252585c160031112
data/raw/extracted/Septoria5759.png,septoria,val,681,709,945,c06a2c876ef867386a820d896a42f8c7,384641401003c321
data/raw/extracted/Septoria5767.png,septoria,train,682,709,945,ebb95ad4313b88c3ff64811d96e40ca4,d252aa4998c2a116
data/raw/extracted/Septoria5777.png,septoria,test,683,709,945,4fca67e63ab6749ed1f8411e74ba7557,92d23a7b5b31241c
data/raw/extracted/Septoria5789.png,septoria,train,684,709,945,5ca25acf461e8678cd8c12b3840ed6e7,9831b39a142c1c1c
data/raw/extracted/Septoria5820.png,septoria,train,685,709,945,d5e8346fc00fff9dec559b05d79ac92e,d4dc31a6a6b5312d
data/raw/extracted/Septoria5836.png,septoria,test,686,709,945,2b34d5059b6a17af7e0312ff84fae87a,9c511724c94f5833
data/raw/extracted/Septoria586.png,septoria,train,687,709,471,c1a56d574b1deb675ebdb8f23a62caee,a24bc99955c4aa64
data/raw/extracted/Septoria5877.png,septoria,train,688,709,945,2c5cc6155468fd12d803d8b3b9613ebf,6b338e9c99b72ce9
data/raw/extracted/Septoria5886.png,septoria,train,689,709,945,b0f633e26c089e3d8ca34156973f2f67,7746cc3b53266693
data/raw/extracted/Septoria5899.png,septoria,train,690,709,945,1691cf38cd334a1af7605d92813f1757,2eae3e183195c6f6
data/raw/extracted/Septoria5918.png,septoria,train,691,709,945,434cef8ba42811a96cf70d620a596b52,995a4ccc4a7329f9
data/raw/extracted/Septoria5941.png,septoria,val,692,709,945,fc175c05d845c764d3da3494e6546ac5,cb5e3ca93064eccc
data/raw/extracted/Septoria595.png,septoria,train,693,709,471,ea7d3a10f00d9fa60c4a1fc3b6f44a76,21a55545c3c92e06
data/raw/extracted/Septoria5972.png,septoria,train,694,709,945,f4d4f490cef65602ca1416a902ddadbc,4b6e3a9ad2b72f6c
data/raw/extracted/Septoria5981.png,septoria,train,695,709,945,079bcde1e926b95db731bd149136edac,cf77e87a1d997060
data/raw/extracted/Septoria5985.png,septoria,test,696,709,945,8a8b1994effc095a7a55d8b022955a54,7434a265c3d89cdd
data/raw/extracted/Septoria6018.png,septoria,train,697,709,945,b2e6819bb738adec15ba2d20209ed211,1f9f9c98f5678ecc
data/raw/extracted/Septoria6039.png,septoria,train,698,709,945,5d9a0f9d33e8549a43605cfc641e501c,1e7891131524a219
data/raw/extracted/Septoria6055.png,septoria,val,699,709,945,55d996fe31ff89dd10cfaa93a0fc7d99,35293932161e391d
data/raw/extracted/Septoria6079.png,septoria,train,700,709,945,045d02c296fc417e98140f4525bb5603,2a080c68054e6b63
data/raw/extracted/Septoria6106.png,septoria,val,701,709,945,4d77c552a0031d9cfaf60901a5163f1c,cc4dceadb1d21815
data/raw/extracted/Septoria6126.png,septoria,train,702,709,945,775a7a7aa41abbd6018e9ef5abf9a0ed,3593db1569db5265
data/raw/extracted/Septoria6144.png,septoria,val,703,709,945,58782c32a08812990a2d517cce89e87c,26b5d9b237272d32
data/raw/extracted/Septoria6148.png,septoria,train,704,709,945,2e5ef218e56b427acc232df29db9205c,f2d27cb72d58b0a9
data/raw/extracted/Septoria6158.png,septoria,train,705,709,945,953dc4d83d03fc384370d20d7fe8868b,b52c2c6856c60a02
data/raw/extracted/Septoria6191.png,septoria,test,706,709,945,11699e70fcb9b0f0798573946676ab80,9b3236e5e92423ae
data/raw/extracted/Septoria6213.png,septoria,val,707,709,945,37e33919c7524a899694b06da148284e,226faa662503a782
data/raw/extracted/Septoria623.png,septoria,train,708,709,471,d4705c087ce494b6c55b1b0f50861387,a9b9b1ab8acee6f6
data/raw/extracted/Septoria6254.png,septoria,train,709,709,945,4fccff93457ed55a4e69576b3041e6ea,5a59142507c6c1ca
data/raw/extracted/Septoria6270.png,septoria,train,710,709,945,fada9ca8d219f14a2ac17c2d290ab216,0b3a165411b37767
data/raw/extracted/Septoria629.png,septoria,train,711,709,471,58b2b1287413684c68f4f7956d0bf88e,de8e1e2b2b9b3337
data/raw/extracted/Septoria6308.png,septoria,train,712,709,531,5dbd277d33293a54ce93325c94043586,27b5179b96d34a52
data/raw/extracted/Septoria634.png,septoria,train,713,709,471,6a4ae86c8eb7b7f8c0ef25126dc55154,dcde3e3aca9c8e06
data/raw/extracted/Septoria6358.png,septoria,train,714,709,945,9d2b38e436af9f058d09f4c327b9c12d,466dcfae9ab6cc3c
data/raw/extracted/Septoria6377.png,septoria,train,715,709,945,14c15bcbcb84faa20604e2890a12437b,369ced393afde753
data/raw/extracted/Septoria6389.png,septoria,train,716,709,945,e9c2964693dce424f289f52799f71240,0a6c4c0005070f00
data/raw/extracted/Septoria6396.png,septoria,train,717,709,945,216be84f59baa7ec39e357a0aa7aba0a,4b42549333649808
data/raw/extracted/Septoria6447.png,septoria,train,718,709,945,465c4afcca8b2941e19d7c8c888fc3c0,2d9bba76636948c9
data/raw/extracted/Septoria6465.png,septoria,test,719,709,945,e116ddf3565d53ba3c668f2a2f1cd3cf,a135371d59734e99
data/raw/extracted/Septoria6475.png,septoria,val,720,709,945,0d63e2d108730fc98c106556a1ba9d07,d298981333d039b8
data/raw/extracted/Septoria6498.png,septoria,train,721,709,945,04e0fbdb5c12e8be0bd482170d68530f,c1c90194b2a62f15
data/raw/extracted/Septoria6532.png,septoria,train,722,709,945,33a11748e7e5e838282ed9df01a7782e,cd39b3f1a6464f4d
data/raw/extracted/Septoria6535.png,septoria,train,723,709,945,02c1b2297d380ba004f186f50849feda,a552b3b01a182c24
data/raw/extracted/Septoria6551.png,septoria,train,724,709,945,45e42a99179398a37c0d9629cd9aa209,32da18894719dadd
data/raw/extracted/Septoria6568.png,septoria,test,725,709,945,0cc911a3d696fe94163953e9931e57c2,b2e6e4ccccedcd9f
data/raw/extracted/Septoria6619.png,septoria,val,726,709,531,d4e2033c99ca8bd2cf14bbed81c276b7,7a9f190ae48dfee7
data/raw/extracted/Septoria6631.png,septoria,val,727,709,945,c3366fbebb0c0af894973493aea41f87,280a93492b61a969
data/raw/extracted/Septoria6642.png,septoria,train,728,709,531,e9f286f677a09f8821c2e068c8eba531,4a765268360404d2
data/raw/extracted/Septoria6659.png,septoria,test,729,709,945,e95f6b9636d814179965374b0edcee95,1c304b92376ccadb
data/raw/extracted/Septoria6683.png,septoria,train,730,709,945,7c8bf2f94212d77736a178b01eb79f13,3b9f9acd4ec3e164
data/raw/extracted/Septoria6688.png,septoria,train,731,709,945,eb112e32a2619f65d123c0e81706837b,17cc66f09173679b
data/raw/extracted/Septoria672.png,septoria,train,732,709,471,0c960222e33dfab08334b72748b15f61,9a584cc64e5e9dad
data/raw/extracted/Septoria6723.png,septoria,train,733,709,945,5b4db5df20f94a1b5c427b910309c4ad,c8cc5854f6ce5979
data/raw/extracted/Septoria6748.png,septoria,train,734,709,945,c154b3415395be21c0ac67e1e5aa79e7,1c9437321b28e863
data/raw/extracted/Septoria6757.png,septoria,train,735,709,945,df327f67c01414ace38dc07d901be3ad,9349954f76e57379
data/raw/extracted/Septoria6797.png,septoria,train,736,709,945,ae7b2a76616e0bc5c9d73ba6d1ea2280,7958a7906963395c
data/raw/extracted/Septoria6820.png,septoria,train,737,709,945,ba5a23eef8651d89d1fcf3660aa6eef4,351819c8d90b8913
data/raw/extracted/Septoria6835.png,septoria,train,738,709,945,3e4f4bb9925fd68ddf45d5ef1a782dc5,152bb763b25cdcb6
data/raw/extracted/Septoria6856.png,septoria,train,739,709,945,9f0482c99e04c848539d5ba620f34cb4,a62931e648c1062e
data/raw/extracted/Septoria6866.png,septoria,train,740,709,945,44ca42105abc802b149fd28afefc3992,236343355099c372
data/raw/extracted/Septoria6881.png,septoria,train,741,709,945,7759db7499af04e9aa4911d15748a7b5,02c2020206290844
data/raw/extracted/Septoria6893.png,septoria,train,742,709,945,2b9787d2ffe0e720f134bf0a20cfe94b,8694b723a6b8392d
data/raw/extracted/Septoria6904.png,septoria,val,743,709,945,5e94c864a0f9fedaec0b7d7609df6d4a,232d65a4f4d6e6a7
data/raw/extracted/Septoria6920.png,septoria,train,744,709,945,1adff573eee95db07a624b1ca5fc1ba3,23180e8c2b43910d
data/raw/extracted/Septoria6928.png,septoria,train,745,709,945,be771b754058d3feb1ee05fabf8cf75c,79f1d2f6b479b637
data/raw/extracted/Septoria694.png,septoria,train,746,709,471,9342e06678958159c25ce5d1c5c431d3,e9e3531b1d960443
data/raw/extracted/Septoria6945.png,septoria,train,747,709,945,0b913f74b4d1a4f5f22279dfdc8ff6a7,96af0eb7cb4634b0
data/raw/extracted/Septoria6961.png,septoria,train,748,709,945,10964da71d9fa3a7f6cbc124f46b9c0a,1207a62c29963422
data/raw/extracted/Septoria6968.png,septoria,train,749,709,945,a017ee1c7c925fe2078a6b3363150df7,d3b363eb76a6aaa7
data/raw/extracted/Septoria6980.png,septoria,test,750,709,945,351bda5a54a5ce79e118d27f1c87e342,e02333995554551b
data/raw/extracted/Septoria7001.png,septoria,val,751,709,945,2f8ec2064c63fd59b0de5ad36dcc6ce4,43434f1808834200
data/raw/extracted/Septoria7026.png,septoria,train,752,709,945,fbed2cd160a60a436a06f3463108bbbf,2212830421060440
data/raw/extracted/Septoria7036.png,septoria,train,753,709,945,c6539861ee0cdf123b45e1428f0c4cdc,54f0b1b362743206
data/raw/extracted/Septoria7042.png,septoria,train,752,709,945,dfc11f3fd2b3798463e626382d6d2ee9,3251831023022244
data/raw/extracted/Septoria7051.png,septoria,train,754,709,945,3dd995f03d615eca38d37e786e8a4665,d595373591321525
data/raw/extracted/Septoria747.png,septoria,train,755,709,471,3fcdb5925530255f85e98a3e3c6801b9,5b32b6a8b285e1c1
data/raw/extracted/Septoria97.png,septoria,val,756,709,471,e1375b68e5cea88f97d8e4b369954586,c5ed8a66e4dcdcca
data/raw/extracted/Septoria986.png,septoria,train,757,709,945,ffff8bbcf4d772d6bbc658237fc2b816,1306060c09134183
data/raw/extracted/YellowRust1003.png,yellow_rust,train,758,709,945,f73d294f320daf8ad67db1ac086dbd41,90889996c4430520
data/raw/extracted/YellowRust1010.png,yellow_rust,val,759,709,945,34ea93b58e8f44ffda428c0bd95ec803,34b533e1cf5fd50d
data/raw/extracted/YellowRust1046.png,yellow_rust,train,760,709,945,2525afa14edc9cd2823a65168ee7f160,6d6734381b1b4a66
data/raw/extracted/YellowRust1067.png,yellow_rust,test,761,709,945,73fd10f74d01382a402f420b234e280c,d131491237232a2c
data/raw/extracted/YellowRust1068.png,yellow_rust,val,762,709,945,cb739d3db62dda4a727d35e9751c354b,09571eb3b3333333
data/raw/extracted/YellowRust1089.png,yellow_rust,train,763,709,945,72ab4f7b7e421993092aa40b2bf74dd0,26b99b0f28a12360
data/raw/extracted/YellowRust1095.png,yellow_rust,train,764,709,945,d47522c64a657194517d2de95a833aea,9a5bd1d2d1d3b330
data/raw/extracted/YellowRust1110.png,yellow_rust,val,765,709,945,140340af985db19a0936963570ec756f,5d1ce6b477cf8e36
data/raw/extracted/YellowRust1118.png,yellow_rust,train,766,709,945,eefa7476781593d2c4d6693bb2edf616,c5683ab1712686c7
data/raw/extracted/YellowRust113.png,yellow_rust,train,767,709,945,872c0293ab741cd08298ef6c9b285c8e,098b8b880d99c163
data/raw/extracted/YellowRust114.png,yellow_rust,train,768,709,945,9990f5c280dfbf1234311239ec0ece6d,9b0c4913e2c0f1b0
data/raw/extracted/YellowRust1145.png,yellow_rust,train,769,709,471,76efc9caf1ca2711b5c3d132f74b3977,2743c7b2980c0696
data/raw/extracted/YellowRust1175.png,yellow_rust,train,770,709,471,84b8303744b5dbc26817cd344ebccfb9,8be396cc6950156b
data/raw/extracted/YellowRust1200.png,yellow_rust,val,771,709,471,b77b850b88b822c7d8feb2e026fca201,8d48d99b5353a3a2
data/raw/extracted/YellowRust1237.png,yellow_rust,test,772,709,471,c0d6d9e6236947eb068c8061e5cd8f45,2d2a3a3a95d58482
data/raw/extracted/YellowRust127.png,yellow_rust,train,773,709,945,65e2e9c4c7a8f03a45008fa356f89373,31181918133326cb
data/raw/extracted/YellowRust1287.png,yellow_rust,train,774,709,471,583457ab9e4f42d98059b2b270c731bf,29e95b73716949cb
data/raw/extracted/YellowRust1295.png,yellow_rust,test,775,709,471,18b09a78f41b50d3f18894a88a178a82,8d9dd8d4c5c54dab
data/raw/extracted/YellowRust132.png,yellow_rust,train,776,709,945,6862b53cb39ed5fd58020fe3fd031f27,edaea351dfb7f7b7
data/raw/extracted/YellowRust1329.png,yellow_rust,train,777,709,471,65ef864252418498a208a59dcb523bda,c8d9525217939392
data/raw/extracted/YellowRust1365.png,yellow_rust,val,778,709,471,c35607152123e243b731df2cafa1cb62,db9b99898ba35252
data/raw/extracted/YellowRust1371.png,yellow_rust,test,779,709,471,b7c2b4b6ddde9f91d7b79fb7b0f31e27,6bcb4c4c24341424
data/raw/extracted/YellowRust1386.png,yellow_rust,train,780,709,471,9557366d566dfae6b9fd52a681f2aa84,ddcf563a8ace4c68
data/raw/extracted/YellowRust1395.png,yellow_rust,test,781,709,471,772d5dca9584cb83d1a07b8c08a1b6f6,981c880828a52122
data/raw/extracted/YellowRust1402.png,yellow_rust,train,782,709,471,78828a43c55268f88d602a373e0943d9,a1b1d95870363733
data/raw/extracted/YellowRust1423.png,yellow_rust,train,783,709,471,6904495de943e2ff0fa4115155a65032,e6f6732fedcf4d49
data/raw/extracted/YellowRust1433.png,yellow_rust,train,784,709,471,dca9798c242b01183b84359c5597c90b,32724a686c6464a6
data/raw/extracted/YellowRust1443.png,yellow_rust,train,785,709,471,da763bcd1d94de5d9ca6c749e0ba5d39,ada9a9abd1cbcad2
data/raw/extracted/YellowRust1455.png,yellow_rust,train,786,709,471,bddd8b5880fb13226479475039cb63c7,d452d890b028a8c8
data/raw/extracted/YellowRust1464.png,yellow_rust,train,787,709,471,67e7f17b98f34d744d8568cae89c8b38,9529292301030b4b
data/raw/extracted/YellowRust1493.png,yellow_rust,train,788,709,471,7bfbcd0a633c765da8adba505ed8e99e,c3e3420449133266
data/raw/extracted/YellowRust1521.png,yellow_rust,train,789,709,471,e0f9c0d78c3534fe1daa15ac42e46c37,7674a4dcf145640d
data/raw/extracted/YellowRust1558.png,yellow_rust,train,790,709,471,92720a29750b303b045fd018421ce999,1caca68fe5a7e76d
data/raw/extracted/YellowRust1579.png,yellow_rust,train,791,709,1065,21a87a5130688d8ecd78a8f6f73e54e1,50cec870e4cd95cd
data/raw/extracted/YellowRust1600.png,yellow_rust,train,792,709,1065,22309b17951959d69d5347f1395d17e0,32389665145cba82
data/raw/extracted/YellowRust1627.png,yellow_rust,train,793,709,471,bf499928a18b34090786e4751748fdba,a3cdc49783a1705b
data/raw/extracted/YellowRust1639.png,yellow_rust,train,794,709,471,3f550abec5da16dcd61a0c6234727cf9,664d079b4ea4c161
data/raw/extracted/YellowRust1651.png,yellow_rust,val,795,709,471,d3d7491ce76d7ba30cbe8deaff84cedc,55a52b1b3dd393b3
data/raw/extracted/YellowRust1677.png,yellow_rust,train,796,709,471,7de4247e8f4b34731711726e8c9c50f8,a2ad9d95d3928928
data/raw/extracted/YellowRust1688.png,yellow_rust,train,797,709,471,1fa98b3c62761a0ddf8146fbf3e7877d,66661f52961aaca9
data/raw/extracted/YellowRust1721.png,yellow_rust,train,798,709,471,7a51e520e5b2bb90fc21ebac65d55e8c,2b1592a2e66723b3
data/raw/extracted/YellowRust173.png,yellow_rust,train,799,709,945,f28b87f4ffa3945a8ce2efa3f4581615,6d63b92947925f55
data/raw/extracted/YellowRust1744.png,yellow_rust,train,800,709,1065,ee8c5dcb6f10d8a60bf69c948cd3cb96,dd595325627b33e1
data/raw/extracted/YellowRust1753.png,yellow_rust,test,801,709,1065,bf950a586eff303af93b20bfc08a58a4,caa1b3b030ec6d6d
data/raw/extracted/YellowRust1769.png,yellow_rust,val,802,709,1065,5720dcddeb6dccf86af70c73b27ed963,72e6e879312020c3
data/raw/extracted/YellowRust1798.png,yellow_rust,train,803,709,471,a51675b9febdf29900b8bf26fa71c933,0b0ad4bbb3a4ca86
data/raw/extracted/YellowRust1809.png,yellow_rust,train,804,709,399,11bee0c8c423cfb5b74acc785ef7aeac,5aebbfb5c6cd5652
data/raw/extracted/YellowRust1810.png,yellow_rust,test,805,709,399,4279931acb65cd7e82b4bf94a7dcde0c,369bc9e9f0f85c04
data/raw/extracted/YellowRust1834.png,yellow_rust,train,806,709,945,2b5b7c2350f5c2d5d050f4688c92d9bc,6160c6c4d5cb767c
data/raw/extracted/YellowRust1878.png,yellow_rust,train,807,709,945,1bdf1b5c25d0753b05a529f465f5e04d,1591192505432281
data/raw/extracted/YellowRust1897.png,yellow_rust,train,808,709,945,2fd55d8f6c01dc6fe2245a17371fd95e,717278f94d98e666
data/raw/extracted/YellowRust1899.png,yellow_rust,train,809,709,945,7a17dd1f677b104bdaeb6ab1620f3e0f,da98b91b73ed5333
data/raw/extracted/YellowRust1915.png,yellow_rust,test,810,709,945,69febfdd093cb260bd7accde2a0e2d08,599b2d0e0b3563a3
data/raw/extracted/YellowRust1923.png,yellow_rust,val,811,709,531,4b4649f4b2c7af1c783886d74b39b8a2,786d65cd95ddab6f
data/raw/extracted/YellowRust1928.png,yellow_rust,val,812,709,945,a8fb28752b547328029433104a20c12b,e7a329636294d527
data/raw/extracted/YellowRust1929.png,yellow_rust,train,813,709,945,6a8b7200bc2527e085b164dec19231ab,7991d8289a58dc5a
data/raw/extracted/YellowRust196.png,yellow_rust,train,814,709,945,ad0f2c707d11f9363ce1bc7431366147,98173967cfb4d672
data/raw/extracted/YellowRust198.png,yellow_rust,train,815,709,945,a473ba4ddd9b3b316258c828b4c23c6b,9bd37537b1edc70e
data/raw/extracted/YellowRust1990.png,yellow_rust,test,816,709,945,2e7738fd77b759a1f86443170878125e,3271999b8b4f2eed
data/raw/extracted/YellowRust1993.png,yellow_rust,test,817,709,945,323962922b9f9e9c7a8890adf92a4b73,46961fbf371ab331
data/raw/extracted/YellowRust201.png,yellow_rust,train,818,709,945,a40eb28c10eee16b00bf868cef93afcc,f8b925d7114dd4b9
data/raw/extracted/YellowRust2026.png,yellow_rust,train,819,709,945,b0791911a75d03780b503d7ba17f14a6,9db47af0d0e9e1c1
data/raw/extracted/YellowRust2042.png,yellow_rust,test,820,709,945,b907e9add6094c83aa957dd3b8c58b75,58ea665b0b0d8d49
data/raw/extracted/YellowRust2058.png,yellow_rust,train,821,709,945,3007f124ec623be28fd97991c6dc81b3,4303a15080221969
data/raw/extracted/YellowRust2083.png,yellow_rust,train,822,709,945,1081c489f20961ceb0ac47a91dd0a3b9,d3b161e1b3c6cbf8
data/raw/extracted/YellowRust2087.png,yellow_rust,train,823,709,945,665e3bb9d23d526f3bd4ac606dd768ce,93af385afa9f666d
data/raw/extracted/YellowRust2114.png,yellow_rust,train,824,709,945,9b0722a348da9ffc4b5c216d2a8bd6dc,0f0c6696928b2586
data/raw/extracted/YellowRust2123.png,yellow_rust,train,825,709,945,b998998feb6e062858312952785c8bde,0924824b1987ac49
data/raw/extracted/YellowRust2134.png,yellow_rust,train,826,709,945,4411ecbf62050e39d7c9e8c02cb8126e,a52e3486b6b870e1
data/raw/extracted/YellowRust214.png,yellow_rust,train,827,709,945,74002de14f6cf475fef7538a1944d381,331433b332f1d2fe
data/raw/extracted/YellowRust2167.png,yellow_rust,val,828,709,945,ffe2e18cd72a9429bec00a8300584fc6,65789183d55ebab3
data/raw/extracted/YellowRust2187.png,yellow_rust,train,829,709,945,ebd59d24b1398c016ad84fad61a91688,571b9c2c16d396cb
data/raw/extracted/YellowRust2201.png,yellow_rust,val,830,709,945,54a3fcd745a0b33ebad00949d84b5407,dd8393c35ba189f8
data/raw/extracted/YellowRust2215.png,yellow_rust,train,831,709,945,45f73eef23c9564b30798b0f943ad92c,cd6eaeddd6d2c2c3
data/raw/extracted/YellowRust2220.png,yellow_rust,test,832,709,945,7aeb47467299238c55e63c3a556643a7,3348494183172163
data/raw/extracted/YellowRust2222.png,yellow_rust,train,833,709,945,4f1d4b82ee2fa87b82c341ab4049784f,b864123233882867
data/raw/extracted/YellowRust2226.png,yellow_rust,train,834,709,945,e0704b151a5f723eb7fdd106eca14934,5f59580a2a294bde
data/raw/extracted/YellowRust2249.png,yellow_rust,train,835,709,945,0f5dfa95d6ef1ebd6b8c9b7e51529eb7,d8ecb71109cd6e3b
data/raw/extracted/YellowRust227.png,yellow_rust,train,836,709,945,aed2b4789c06d1fe42867b4ced153aed,3c9333351b092634
data/raw/extracted/YellowRust2280.png,yellow_rust,train,837,709,945,d60b3f912744b086b0dea0a6f6502906,acde9e0e1c5f79f2
data/raw/extracted/YellowRust2291.png,yellow_rust,test,838,709,945,4ddf921ad00628a9d4a5d6ae5ac54730,cad86e3fdedbcc9a
data/raw/extracted/YellowRust2292.png,yellow_rust,test,839,709,945,8bf0056066eee6fb396d0c02b3c33d2a,97c7c30731296951
data/raw/extracted/YellowRust2324.png,yellow_rust,train,840,709,945,0742dbe8a68213e448a9cbf676b24515,4957d333991b19b3
data/raw/extracted/YellowRust2351.png,yellow_rust,test,841,709,471,95573782153c3b4972384daa27b97ef4,753435333331bc90
data/raw/extracted/YellowRust2370.png,yellow_rust,train,842,709,471,c33541301e06c0c685258275353a1c3a,f96acb4b4969276d
data/raw/extracted/YellowRust2385.png,yellow_rust,train,843,709,471,7228840e0682b1c022647b691256e918,5f1b161a2c1a9155
data/raw/extracted/YellowRust240.png,yellow_rust,train,844,709,945,5b5ce1bae52679c34b7bab56f79a3ad7,f7eba3e74f1777ae
data/raw/extracted/YellowRust2405.png,yellow_rust,train,845,709,471,1ca224c1adf6c60f59067a5642220460,cddccc4c446a6c24
data/raw/extracted/YellowRust2430.png,yellow_rust,val,846,709,471,c45d299b39803b12036094f733133306,35dbdbed6b6baaaa
data/raw/extracted/YellowRust2440.png,yellow_rust,test,847,709,471,3feab095295be9d410d72e25cb334418,2aaaada1b97a62e0
data/raw/extracted/YellowRust2468.png,yellow_rust,train,848,709,471,9f6ef14cf059481a01c50d1d52655fb5,4bb1b21a4d4d4a1a
data/raw/extracted/YellowRust2502.png,yellow_rust,val,849,709,471,85fa8868d8dd2f94649bc2b0ece75781,ea4dc39d9d3d6d3a
data/raw/extracted/YellowRust2512.png,yellow_rust,train,850,709,471,edc9362877b0e54186d5d796fc7d4ab8,725b5a2aaa9a9a9c
data/raw/extracted/YellowRust2513.png,yellow_rust,train,851,709,471,b72e302c1507eea9ec3c05dd4bcad4f0,9697d7d7e3e2d25a
data/raw/extracted/YellowRust253.png,yellow_rust,train,852,709,945,31fd4350162e8a9c5cf56b9817f1fb38,321234a469696ef7
data/raw/extracted/YellowRust2542.png,yellow_rust,train,853,709,471,e0b5ce4cf9423774b2eef0463226f649,34b6bab92b1b13b7
data/raw/extracted/YellowRust2560.png,yellow_rust,train,854,709,471,421b56e18524cacff46504cb7fd2370e,e8f9f37296b07975
data/raw/extracted/YellowRust2593.png,yellow_rust,train,855,709,471,d03d5440f6402ab6e4448a35e860404a,dcbc9c9c71a2ecf7
data/raw/extracted/YellowRust2606.png,yellow_rust,train,856,709,471,efd637cea8ba4af64a3e02a64a5ecdb8,9c1c5a880c6e2725
data/raw/extracted/YellowRust2626.png,yellow_rust,val,857,709,471,a41c47c2888f7ae774d08c8fbb8655e5,1aa8899d951494c4
data/raw/extracted/YellowRust2657.png,yellow_rust,train,858,709,471,ab284e2fbd091244738aecf564e0eaf0,69233bb2ecf9f3fe
data/raw/extracted/YellowRust2661.png,yellow_rust,train,859,709,471,8bb05f34503fe271dcf92e9aff0fa30a,95252425d1644424
data/raw/extracted/YellowRust2663.png,yellow_rust,test,860,709,471,e34e1eaca06e97319bbaf7f0bafa5dc8,1334b4a458626692
data/raw/extracted/YellowRust2668.png,yellow_rust,train,861,709,471,ab20f35aa46f0a823ac46b5ac9026e4b,2e26262a2ba99392
data/raw/extracted/YellowRust2700.png,yellow_rust,train,862,709,471,d9c5a3731fb5a76ff53f55b759ffab91,aa2b7f254f0e9f8f
data/raw/extracted/YellowRust2719.png,yellow_rust,train,863,709,471,9a86e848c70514878a923d5173728095,5a5b73c596b6366c
data/raw/extracted/YellowRust2744.png,yellow_rust,val,864,709,471,94e6dbab0a054ec09838ab12704848a1,a9abce4456243834
data/raw/extracted/YellowRust2757.png,yellow_rust,test,865,709,471,11e62449dc3cbaeafac0ba0777c85dfc,994ce5f1d24a19c7
data/raw/extracted/YellowRust2777.png,yellow_rust,train,866,709,471,3becd7433c54a4501834c16e4ba85ccc,a52765551c9e9b9a
data/raw/extracted/YellowRust2786.png,yellow_rust,train,867,709,471,ec01b9a5282600105de70646cb32ed4c,161c88d5746bcd86
data/raw/extracted/YellowRust2799.png,yellow_rust,train,868,709,471,9daa36e651881c197bb84bf413d024a4,9b9b9aba939a4657
data/raw/extracted/YellowRust2840.png,yellow_rust,train,869,709,1065,8d4e424058999a50896f71512dfefaba,1333736a6bebaeb3
data/raw/extracted/YellowRust2877.png,yellow_rust,train,870,709,471,4c1e9a9ab2806a6dd418771c811c9ea0,fa69288ac979b8da
data/raw/extracted/YellowRust2878.png,yellow_rust,train,871,709,471,4e7bfca56de7659cc33079c7ea29ae0e,ca2a2224a6b21252
data/raw/extracted/YellowRust2899.png,yellow_rust,train,872,709,471,aa3dfee35634746aad2e8c4fda6e3883,8cc848496123a3a3
data/raw/extracted/YellowRust2912.png,yellow_rust,train,873,709,471,dde978306a5d5fef8a9095aef5a2612d,a7a551f96d66a6ae
data/raw/extracted/YellowRust2938.png,yellow_rust,test,874,709,471,00ad2be7edaec168bcc2183850d0deb9,274557531397452d
data/raw/extracted/YellowRust2940.png,yellow_rust,train,875,709,471,7e7e8bc52e663225ff337b58adf77866,38a998d1730eccee
data/raw/extracted/YellowRust2962.png,yellow_rust,train,876,709,471,d9aeabe60c9e3103afdc104e60b24374,70ba34783cbededa
data/raw/extracted/YellowRust297.png,yellow_rust,train,877,709,945,3bc7d1137aec6fe4a61f8218e4348814,461f9b53c6f24d2d
data/raw/extracted/YellowRust2999.png,yellow_rust,train,878,709,471,a7092460173b3063cdd2984f8b8bdb8f,b83b727a70668505
data/raw/extracted/YellowRust300.png,yellow_rust,test,879,709,945,de666821f6482539a88cb78630547d68,963697c51d1b4b6d
data/raw/extracted/YellowRust3004.png,yellow_rust,test,880,709,471,c0df5b73f38a299d7c172445e90ee69b,ad8f5b19d8d2ae9e
data/raw/extracted/YellowRust3011.png,yellow_rust,val,881,709,471,8ae11b6fbeefaebf0dd034c4b3e7e7f7,4e4c6d695a34c642
data/raw/extracted/YellowRust3034.png,yellow_rust,train,882,709,1065,fce50a06b80d85509cf1b90ac5fe6646,4ccd8d3732999ece
data/raw/extracted/YellowRust3037.png,yellow_rust,train,883,709,471,018762b94ffe368e1a532d6703fc2e70,75343416149494d2
data/raw/extracted/YellowRust3042.png,yellow_rust,train,884,709,471,6e94c2a7af97094e0e327e5b428dc82f,8f8fd45644ac2c25
data/raw/extracted/YellowRust3061.png,yellow_rust,train,885,709,471,1d9d0c29da9790610e99617c05c88588,59494931b2a5b1a1
data/raw/extracted/YellowRust3063.png,yellow_rust,val,886,709,471,c0a18907305d17286d9e0d912f42adb1,b972659cb6b38dd4
data/raw/extracted/YellowRust3075.png,yellow_rust,train,887,709,471,d689391cde2eccceb4a4df947f02033e,3775d15b1bba3ad2
data/raw/extracted/YellowRust3089.png,yellow_rust,val,888,709,471,2f89934cbeaec5d45103238dbd4ccb76,8c892f2a30b1e1c2
data/raw/extracted/YellowRust3104.png,yellow_rust,val,889,709,471,2f4386a0c0c18913555999b2ea5cc493,1555d5cd4c442224
data/raw/extracted/YellowRust3125.png,yellow_rust,train,890,709,471,db84e5c26dafb85f5d121bde27e41955,c8ccd495959595b5
data/raw/extracted/YellowRust3137.png,yellow_rust,test,891,709,471,cd70dd4551daf3c1bc95a1675945e2a2,9494181832264ece
data/raw/extracted/YellowRust3152.png,yellow_rust,train,892,709,1065,1ff07f1d9ab23af25bbfd8ac5977c2f2,54492992930c0c09
data/raw/extracted/YellowRust3165.png,yellow_rust,train,893,709,471,8b2627d5c153ed1828ee4dd8cfc70d13,d464b0b0b0ac6424
data/raw/extracted/YellowRust3192.png,yellow_rust,train,894,709,471,0b0586bcf13ad638305b9d3e3531c5f6,b485045c5d0cb415
data/raw/extracted/YellowRust3203.png,yellow_rust,train,895,709,471,815ce334de8b9c020b68010e3e6a7759,24b3e9a0d2464b53
data/raw/extracted/YellowRust3210.png,yellow_rust,train,896,709,1065,9d22efb61f99c11fbae65934f4658bb5,f0550cbcd9e0f7f3
data/raw/extracted/YellowRust3250.png,yellow_rust,train,897,709,471,a96d255f97663a26cceaadf44972ea0e,d19a8b350317158d
data/raw/extracted/YellowRust3259.png,yellow_rust,train,898,709,471,524b75141199d8ed4c8caaa2870993b6,69300561242b3337
data/raw/extracted/YellowRust3273.png,yellow_rust,train,899,709,471,40963e8e79b55a0439ab0d17efa33f3d,b5a2a3aee2e6e573
data/raw/extracted/YellowRust3298.png,yellow_rust,train,900,709,1065,3b4ada184cbcc0391815c3fd3ea7fc79,0ab7a7a72e2f2f2e
data/raw/extracted/YellowRust3325.png,yellow_rust,train,901,709,471,734e9f09d790639175c8eafbbee7e084,dfde8a2b6b53ebcb
data/raw/extracted/YellowRust3333.png,yellow_rust,train,902,709,945,cb687eab544167b2c7d4fd92e3f6e9a2,52e2b3713377c5cd
data/raw/extracted/YellowRust3359.png,yellow_rust,train,903,709,945,fb3f860c5feaee1ef3f598496fb0d61b,694c9c31197d6869
data/raw/extracted/YellowRust3383.png,yellow_rust,train,904,709,945,11b67404b149757644eda293f32270f4,995a4fa36b4d353c
data/raw/extracted/YellowRust3397.png,yellow_rust,train,905,709,945,6ec0b3b947d2704c3e748dce6b7e2f11,34317063313968b8
data/raw/extracted/YellowRust3404.png,yellow_rust,train,906,709,945,80efd4e71c27594802d52671f161ea54,53667bcae78f5e5a
data/raw/extracted/YellowRust342.png,yellow_rust,train,907,709,945,3cad47bf20f9301a8bd920933f3e2b48,3531e64d33676e59
data/raw/extracted/YellowRust3421.png,yellow_rust,train,908,709,945,fc7b71eb1e2055ef4ce2aa7d5228020d,3616191394949454
data/raw/extracted/YellowRust3422.png,yellow_rust,test,909,709,531,6dd39e13815eb2cdddeda0b3766a69e3,667a6c7f29b4e4a4
data/raw/extracted/YellowRust3447.png,yellow_rust,train,910,709,945,0fc6d548f5c6d1b57f7aa3d61a9bfdda,3b3a383343d595ad
data/raw/extracted/YellowRust3464.png,yellow_rust,test,911,709,945,13529e9512f3ea22be1a661b54ca4021,532649a6334e85cc
data/raw/extracted/YellowRust3483.png,yellow_rust,train,912,709,945,046de1f76aaa8e4e4fe06c37f4dc0a88,4acac64c8de36627
data/raw/extracted/YellowRust3516.png,yellow_rust,train,913,709,945,af3e79dd5b69ee2b69e4b12882ae5263,1636b7b7b3db5b4b
data/raw/extracted/YellowRust3518.png,yellow_rust,train,914,709,945,98a7296c6ae42b0d24f416c3e3b0c0c2,68c6520a4c0c0d26
data/raw/extracted/YellowRust3523.png,yellow_rust,test,915,709,531,57925d7ae2c268dec6283946f0b2ca13,07a6d353ef79b437
data/raw/extracted/YellowRust3531.png,yellow_rust,train,916,709,531,49b10b7f4cb4fba98ee1780e2e40aaf4,eeac4c7126a5d5d7
data/raw/extracted/YellowRust3539.png,yellow_rust,train,917,709,945,132a126fb551d0415e1d7041b45af276,a161f1d39203818a
data/raw/extracted/YellowRust3541.png,yellow_rust,test,918,709,531,bf9088fe916b602916d3e5cf85c04eff,9dcb9fc9c4c0c256
data/raw/extracted/YellowRust3552.png,yellow_rust,train,919,709,945,373ade9eab19d93a293cfeeda13b1f9b,1d4932f97960e6d5
data/raw/extracted/YellowRust3575.png,yellow_rust,val,920,709,945,7895b6e4ac7fa9d862ce168f3f5f9619,3366489de299d9a7
data/raw/extracted/YellowRust3610.png,yellow_rust,val,921,709,945,1082077701615fd096d54139b3d624f5,555959190fa4b190
data/raw/extracted/YellowRust3621.png,yellow_rust,train,922,709,945,5a72b2c0a5fe205f11809bba149a3346,19132d3990f2b2a3
data/raw/extracted/YellowRust3656.png,yellow_rust,train,923,709,945,aa4095f5539311a9cb86e548e8b70e3a,9286a26130300818
data/raw/extracted/YellowRust3658.png,yellow_rust,train,924,709,945,597726ad0dbbda6e16e12b68710447b8,24a4693b1c66330c
data/raw/extracted/YellowRust3665.png,yellow_rust,train,925,709,945,69462201635f176dc98710a7cb1a7256,a6a6a4e551db32b4
data/raw/extracted/YellowRust3703.png,yellow_rust,train,926,709,945,53a6bf4800c4bd4e817e2ad4431f523e,64255d89ace46527
data/raw/extracted/YellowRust3716.png,yellow_rust,val,927,709,945,73c1fc424a5f4c224d0b76f34b94007d,46252d5e130109c9
data/raw/extracted/YellowRust3742.png,yellow_rust,train,928,709,945,91e2a2c0624a32b0d77bf78616a208e4,14243c24a91913c2
data/raw/extracted/YellowRust3750.png,yellow_rust,test,929,709,945,64564fe4c78dac1f81defa8903c9a6be,8ece64331a09acb4
data/raw/extracted/YellowRust3752.png,yellow_rust,train,930,709,945,13881c80f06092e38e3f7c386b31b3fe,4ea6a6aaa22c222f
data/raw/extracted/YellowRust3759.png,yellow_rust,val,931,709,945,f69c67addd77b57a04ed2e5dfa692ddf,3325ad4952ab06a5
data/raw/extracted/YellowRust38.png,yellow_rust,test,932,709,945,5ee55df1ad38980431b89c5a45371056,6264333474d75d2d
data/raw/extracted/YellowRust3800.png,yellow_rust,train,933,709,945,ee8661bab33af5690afdd2fdd1b7fc84,16b55c3bb3533a94
data/raw/extracted/YellowRust3817.png,yellow_rust,train,934,709,945,646dc75399e9e93d1d78982c24ceb2f6,6c31110b8a20a4ad
data/raw/extracted/YellowRust3821.png,yellow_rust,train,935,709,945,c6ce1afbad21554298131e827198369f,6b8ec77a0e4d9306
data/raw/extracted/YellowRust3835.png,yellow_rust,train,936,709,945,e0260cba700b52d8750058301da6b1a3,534d4713ce739f03
data/raw/extracted/YellowRust3841.png,yellow_rust,val,937,709,945,225fad54a9fc4385d0f3a5454f2b0677,098909193322a111
data/raw/extracted/YellowRust3856.png,yellow_rust,val,938,709,945,457f35dd1e15904c7a295e171dfa2d8d,32372b5b967d73e6
data/raw/extracted/YellowRust3885.png,yellow_rust,train,939,709,945,0fd4d80e6e70c6ce6f61fba9bc450ad3,26351c8b633cc7e9
data/raw/extracted/YellowRust3896.png,yellow_rust,test,940,709,945,b563293c876affb03297a473193b19ae,69609c80e11d83ac
data/raw/extracted/YellowRust3917.png,yellow_rust,val,941,709,945,40be3fa624189daff1843aac34b905d1,062a0c18002422ca
data/raw/extracted/YellowRust3947.png,yellow_rust,train,942,709,945,dee5e0f005bea43c401951257d348133,4606460d19146c2c
data/raw/extracted/YellowRust3951.png,yellow_rust,train,943,709,945,dd8bfec7ce53342148e1621a48999f45,65144a228842c29c
data/raw/extracted/YellowRust3952.png,yellow_rust,train,944,709,945,d49398a25c83f6a79c7051e85baf6123,0f1a061b92256a5a
data/raw/extracted/YellowRust3966.png,yellow_rust,val,945,709,945,790657bbd91a940ee192d69cdf2b2772,b5321c0cc8c4b272
data/raw/extracted/YellowRust40.png,yellow_rust,test,946,709,945,4a425f9588a5eb109601a89ddb22e3c4,272bdb435392d797
data/raw/extracted/YellowRust4014.png,yellow_rust,val,947,709,945,571e3c9ee9a2293adc3e7450fdeb479c,795b1a14751b9ab6
data/raw/extracted/YellowRust4019.png,yellow_rust,train,948,709,945,8bb16054e6db1a56e338779669b4879b,9ece875c5b3b5b2b
data/raw/extracted/YellowRust4053.png,yellow_rust,test,949,709,945,b21e3d21c72f43170273804f4616f738,e5b7b791cb6266a4
data/raw/extracted/YellowRust4056.png,yellow_rust,train,950,709,945,9b0d6829a5e96bae6c30d31a231cbaee,1676363756549d9a
data/raw/extracted/YellowRust4085.png,yellow_rust,train,951,709,945,d29f4c4f631f4ff091cfc223708302e9,7955d7d672bc2b24
data/raw/extracted/YellowRust4087.png,yellow_rust,val,952,709,531,b89157794876fdc25242727abe0db725,1306369edb61c021
data/raw/extracted/YellowRust4128.png,yellow_rust,train,953,709,945,f58be729578b3153bbc601828a726b4d,59198a5a9a3a36b5
data/raw/extracted/YellowRust4139.png,yellow_rust,train,954,709,945,334ebbdc4dba010708038dafe6a46a49,2d3e8ce3d9c806ca
data/raw/extracted/YellowRust4143.png,yellow_rust,val,955,709,945,d1794fd7a8735234f8727a2ffaa64d7f,d94f36cfb363dbff
data/raw/extracted/YellowRust4177.png,yellow_rust,train,956,709,945,eb3faeae53e9015d3026b31fc9619c7c,414ddddd66b38916
data/raw/extracted/YellowRust4193.png,yellow_rust,val,957,709,945,3eac0858f8cf7a6919a4e3fc09a58e45,9393932d23de98b2
data/raw/extracted/YellowRust4203.png,yellow_rust,train,958,709,945,be3c38caa10d3478568b9c52620a7c74,ad2a1bd227aed85f
data/raw/extracted/YellowRust4205.png,yellow_rust,val,959,709,945,5cc6d978993ec91187fcc32267f04d99,a999c81036932369
data/raw/extracted/YellowRust4229.png,yellow_rust,val,960,709,945,95820404ce29f5b5e58823a05d42ca48,33764b19c7333f65
data/raw/extracted/YellowRust4243.png,yellow_rust,val,961,709,945,ac70998ae55d1f1acfe1847f8b4f9415,c5cfcd8d9a93b625
data/raw/extracted/YellowRust4248.png,yellow_rust,train,962,709,945,6b9ef16c3beee7ec916d1dda4005c4e0,3366c4d591b5b4b6
data/raw/extracted/YellowRust4264.png,yellow_rust,train,963,709,945,12e01e25f58b321aaf5015d24eb85644,6331931971064a98
data/raw/extracted/YellowRust4311.png,yellow_rust,train,964,709,945,89e6d161159c3bb270ce835566e6d0fa,94b60e4cb9f3c998
data/raw/extracted/YellowRust4336.png,yellow_rust,train,965,709,945,e872857b4eaee31eb165bcdcdce5cea0,e6666e25969d6f33
data/raw/extracted/YellowRust4353.png,yellow_rust,train,966,709,945,f003e558a0141b2d305aeb03f656cfed,d1c3c695f9ce1ed3
data/raw/extracted/YellowRust4356.png,yellow_rust,test,967,709,945,55feda4896d6ce4b88ad9a15ca02ff1a,92c0c3b22972d1d2
data/raw/extracted/YellowRust4359.png,yellow_rust,val,968,709,945,b6a917b87429498c38e86c0c800de2f4,a4a5c4e57719d693
data/raw/extracted/YellowRust4383.png,yellow_rust,train,969,709,945,d0e940bbe58cb4138ef6dd462ab63385,23868cc9b3775611
data/raw/extracted/YellowRust44.png,yellow_rust,train,970,709,945,2ee0706fd786fbc5cb42b038d9525f27,d2c3485b7b5b1b3d
data/raw/extracted/YellowRust464.png,yellow_rust,train,971,709,945,dcfea374a20eba9577deca63ab2e2241,d0d49accb319c463
data/raw/extracted/YellowRust476.png,yellow_rust,train,972,709,945,123ee61bf9fdc104f42209609befc41c,7598102263928545
data/raw/extracted/YellowRust478.png,yellow_rust,test,973,709,945,1c71741472cb34bfe89d9b47acd6c0cb,1c2c9a54703306ce
data/raw/extracted/YellowRust482.png,yellow_rust,train,974,709,945,e03625d46d4b01782066c04edee3655a,e73667ef674393db
data/raw/extracted/YellowRust502.png,yellow_rust,val,975,709,945,bb5913bb25451b5863e76f4bee9cc00d,34b43060456165ba
data/raw/extracted/YellowRust504.png,yellow_rust,train,976,709,945,4277936f102e1d7cf7fb213b6ce1d7cf,4e474632081b1c90
data/raw/extracted/YellowRust532.png,yellow_rust,test,977,709,945,3d2eb2fb4507d7a4ac24675b33ede69b,65e5c7d292b22936
data/raw/extracted/YellowRust535.png,yellow_rust,train,978,709,945,5e8fd2f402e4637caa4314610a2a9fb6,59591a5977ce68b2
data/raw/extracted/YellowRust561.png,yellow_rust,test,979,709,945,cbd1d893d4ed0bcce62718d5af8e13ce,1a168585b3192125
data/raw/extracted/YellowRust58.png,yellow_rust,train,980,709,945,6f75746a6292be454e5ddc5ba653349f,58d0a5a4cad39cbc
data/raw/extracted/YellowRust621.png,yellow_rust,train,981,709,945,0b6fc3b74512e3932862b47b91ae82bb,ad9291a1a0a8c892
data/raw/extracted/YellowRust626.png,yellow_rust,train,982,709,945,4b7a7c2a7fbdb8c06a06e00c8297afb5,0eda1871c59972ac
data/raw/extracted/YellowRust630.png,yellow_rust,train,983,709,945,5437ca04ada31c80d16e6701297453d8,32353b0b211a7734
data/raw/extracted/YellowRust679.png,yellow_rust,train,984,709,945,2004a02599e5462a4783dfa940fb8675,e52d33276530756d
data/raw/extracted/YellowRust693.png,yellow_rust,train,985,709,531,6ff549b688d2dd6e84af7cef4dc5e210,6fa6b65453139c9c
data/raw/extracted/YellowRust72.png,yellow_rust,train,986,709,945,3b4bf2f8559c5169573fb5e046a8b3b2,6e131989c7b3169e
data/raw/extracted/YellowRust738.png,yellow_rust,train,987,709,945,8c161fc4316935ec8a170c2789ee181c,76362d2eea6caccc
data/raw/extracted/YellowRust76.png,yellow_rust,train,988,709,945,8e5d014e13bf3dce45b6c2d900f92462,19b44c5b37bcd8dd
data/raw/extracted/YellowRust782.png,yellow_rust,train,989,709,945,fd8c421df753a902955cf8f4322e91a1,eceb267833299d4d
data/raw/extracted/YellowRust806.png,yellow_rust,train,990,709,945,389d31e15ca9ca6eff3f83c7cef73f3f,d85a7a326b697249
data/raw/extracted/YellowRust829.png,yellow_rust,train,991,709,945,f1f925e3069d5cef1d3052e1aaf88789,ca646da133911583
data/raw/extracted/YellowRust835.png,yellow_rust,train,992,709,945,91f8faec15dc9926a78669dcc4679ed4,6fa6b638c8c32965
data/raw/extracted/YellowRust865.png,yellow_rust,test,993,709,945,ecd95dc78a01ca5bfc0021a1efa2a478,afe6ce1dd1d4dd9a
data/raw/extracted/YellowRust957.png,yellow_rust,train,994,709,945,38d1d92126fe4564b48e76d687aa373d,862049672531996d
data/raw/extracted/YellowRust972.png,yellow_rust,train,995,709,945,a764463225c468506503762fb66a719e,edd34eecb2f59d3b
data/raw/extracted/YellowRust989.png,yellow_rust,train,996,709,945,9f898df538efd4c9b9c124549fc104dd,2425692a5337abb2
